Date,Pays,Deces,diffDeces0,diffDecesHier,pctgrow,daySince0,moyenne7
2020-02-20,Hong-Kong,2,0,1,-1.0,16.0,-1.0
2020-02-21,Autres,2,0,2,-1.0,1.0,-1.0
2020-02-21,Hong-Kong,2,0,0,,17.0,-1.0
2020-02-22,Autres,2,0,0,,2.0,-1.0
2020-02-22,"Corée du Sud",2,0,1,-1.0,2.0,-0.5
2020-02-22,Hong-Kong,2,0,0,,18.0,-1.0
2020-02-23,Autres,2,1,0,,3.0,-1.0
2020-02-23,"Corée du Sud",2,4,0,,3.0,-0.5
2020-02-23,Hong-Kong,2,0,0,,19.0,-1.0
2020-02-23,Italie,2,1,1,0.0,2.0,0.0
2020-02-24,Autres,3,0,1,-1.0,4.0,-1.0
2020-02-24,"Corée du Sud",6,2,4,-0.5,4.0,-0.5
2020-02-24,Hong-Kong,2,0,0,,20.0,-1.0
2020-02-24,Italie,3,4,1,3.0,3.0,1.0
2020-02-25,Autres,3,0,0,,5.0,-1.0
2020-02-25,"Corée du Sud",8,2,2,0.0,5.0,-0.38
2020-02-25,Hong-Kong,2,0,0,,21.0,-1.0
2020-02-25,Italie,7,3,4,-0.25,4.0,0.69
2020-02-26,Autres,3,1,0,,6.0,-1.0
2020-02-26,"Corée du Sud",10,2,2,0.0,6.0,-0.3
2020-02-26,Hong-Kong,2,0,0,,22.0,-1.0
2020-02-26,Italie,10,2,3,-0.33,5.0,0.48
2020-02-27,Autres,4,0,1,-1.0,7.0,-1.0
2020-02-27,"Corée du Sud",12,1,2,-0.5,7.0,-0.33
2020-02-27,France,2,0,1,-1.0,12.0,-1.0
2020-02-27,Hong-Kong,2,0,0,,23.0,
2020-02-27,Italie,12,5,2,1.5,6.0,0.65
2020-02-27,Japon,2,2,1,1.0,14.0,1.0
2020-02-28,Autres,4,2,0,,8.0,-1.0
2020-02-28,"Corée du Sud",13,0,1,-1.0,8.0,-0.5
2020-02-28,France,2,0,0,,13.0,-1.0
2020-02-28,Hong-Kong,2,0,0,,24.0,
2020-02-28,Italie,17,4,5,-0.2,7.0,0.53
2020-02-28,Japon,4,0,2,-1.0,15.0,0.0
2020-02-29,Autres,6,0,2,-1.0,9.0,-1.0
2020-02-29,"Corée du Sud",13,3,0,,9.0,-0.4
2020-02-29,France,2,0,0,,14.0,-1.0
2020-02-29,Hong-Kong,2,0,0,,25.0,
2020-02-29,Italie,21,8,4,1.0,8.0,0.67
2020-02-29,Japon,4,1,0,,16.0,0.0
2020-03-01,Autres,6,0,0,,10.0,-1.0
2020-03-01,"Corée du Sud",16,1,3,-0.67,10.0,-0.44
2020-03-01,France,2,0,0,,15.0,-1.0
2020-03-01,Hong-Kong,2,0,0,,26.0,
2020-03-01,Italie,29,5,8,-0.38,9.0,0.62
2020-03-01,Japon,5,1,1,0.0,17.0,0.0
2020-03-02,Autres,6,0,0,,11.0,-1.0
2020-03-02,"Corée du Sud",17,11,1,10.0,11.0,1.31
2020-03-02,France,2,1,0,,16.0,-1.0
2020-03-02,Hong-Kong,2,0,0,,27.0,
2020-03-02,Italie,34,18,5,2.6,10.0,0.56
2020-03-02,Japon,6,0,1,-1.0,18.0,-0.25
2020-03-03,Autres,6,0,0,,12.0,-1.0
2020-03-03,"Corée du Sud",28,0,11,-1.0,12.0,1.14
2020-03-03,France,3,1,1,0.0,17.0,-0.5
2020-03-03,Hong-Kong,2,0,0,,28.0,
2020-03-03,Italie,52,27,18,0.5,11.0,0.67
2020-03-03,Japon,6,0,0,,19.0,-0.25
2020-03-03,"États-Unis",6,1,5,-0.8,3.0,-0.9
2020-03-04,Autres,6,0,0,,13.0,-1.0
2020-03-04,"Corée du Sud",28,7,0,,13.0,1.37
2020-03-04,France,4,0,1,-1.0,18.0,-0.67
2020-03-04,Hong-Kong,2,0,0,,29.0,
2020-03-04,Italie,79,28,27,0.04,12.0,0.72
2020-03-04,Japon,6,0,0,,20.0,-0.25
2020-03-04,"États-Unis",7,4,1,3.0,4.0,0.4
2020-03-05,Australie,2,0,1,-1.0,4.0,-1.0
2020-03-05,Autres,6,0,0,,14.0,-1.0
2020-03-05,"Corée du Sud",35,0,7,-1.0,14.0,1.27
2020-03-05,Espagne,2,1,1,0.0,2.0,0.0
2020-03-05,France,4,2,0,,19.0,-0.5
2020-03-05,Hong-Kong,2,0,0,,30.0,
2020-03-05,Iraq,2,0,2,-1.0,1.0,-1.0
2020-03-05,Italie,107,41,28,0.46,13.0,0.58
2020-03-05,Japon,6,0,0,,21.0,-0.67
2020-03-05,"États-Unis",11,1,4,-0.75,5.0,0.11
2020-03-06,Australie,2,0,0,,5.0,-1.0
2020-03-06,Autres,6,0,0,,15.0,-1.0
2020-03-06,"Corée du Sud",35,7,0,,15.0,1.83
2020-03-06,Espagne,3,2,1,1.0,3.0,0.33
2020-03-06,France,6,3,2,0.5,20.0,-0.17
2020-03-06,Hong-Kong,2,0,0,,31.0,
2020-03-06,Iraq,2,1,0,,2.0,-1.0
2020-03-06,Italie,148,49,41,0.2,14.0,0.63
2020-03-06,Japon,6,0,0,,22.0,-0.5
2020-03-06,"États-Unis",12,2,1,1.0,6.0,0.29
2020-03-07,Australie,2,0,0,,6.0,-1.0
2020-03-07,Autres,6,0,0,,16.0,
2020-03-07,"Corée du Sud",42,2,7,-0.71,16.0,1.32
2020-03-07,Espagne,5,5,2,1.5,4.0,0.63
2020-03-07,France,9,2,3,-0.33,21.0,-0.21
2020-03-07,Hong-Kong,2,0,0,,32.0,
2020-03-07,Iraq,3,1,1,0.0,3.0,-0.5
2020-03-07,Italie,197,36,49,-0.27,15.0,0.45
2020-03-07,Japon,6,0,0,,23.0,-0.5
2020-03-07,Royaume-Uni,2,0,1,-1.0,2.0,-0.5
2020-03-07,"États-Unis",14,3,2,0.5,7.0,0.33
2020-03-08,Australie,2,2,0,,7.0,-1.0
2020-03-08,Autres,6,0,0,,17.0,
2020-03-08,"Corée du Sud",44,6,2,2.0,17.0,1.86
2020-03-08,Espagne,10,7,5,0.4,5.0,0.58
2020-03-08,France,11,8,2,3.0,22.0,0.43
2020-03-08,Hong-Kong,2,1,0,,33.0,
2020-03-08,Iraq,4,2,1,1.0,4.0,0.0
2020-03-08,Italie,233,133,36,2.69,16.0,0.89
2020-03-08,Japon,6,0,0,,24.0,-1.0
2020-03-08,Royaume-Uni,2,1,0,,3.0,-0.5
2020-03-08,"États-Unis",17,4,3,0.33,8.0,0.55
2020-03-09,Australie,4,0,2,-1.0,8.0,-1.0
2020-03-09,Autres,6,0,0,,18.0,
2020-03-09,"Corée du Sud",50,3,6,-0.5,18.0,-0.24
2020-03-09,Espagne,17,11,7,0.57,6.0,0.58
2020-03-09,France,19,6,8,-0.25,23.0,0.32
2020-03-09,Hong-Kong,3,0,1,-1.0,34.0,-1.0
2020-03-09,Iraq,6,0,2,-1.0,5.0,-0.25
2020-03-09,Italie,366,97,133,-0.27,17.0,0.48
2020-03-09,Japon,6,11,0,,25.0,
2020-03-09,Pays-Bas,3,0,2,-1.0,3.0,-1.0
2020-03-09,Royaume-Uni,3,1,1,0.0,4.0,-0.33
2020-03-09,Suisse,2,0,1,-1.0,4.0,-1.0
2020-03-09,"États-Unis",21,1,4,-0.75,9.0,0.36
2020-03-10,Allemagne,2,0,2,-1.0,1.0,-1.0
2020-03-10,Australie,4,-1,0,,9.0,-1.0
2020-03-10,Autres,6,0,0,,19.0,
2020-03-10,"Corée du Sud",53,1,3,-0.67,19.0,-0.18
2020-03-10,Espagne,28,7,11,-0.36,7.0,0.44
2020-03-10,France,25,8,6,0.33,24.0,0.38
2020-03-10,Hong-Kong,3,0,0,,35.0,-1.0
2020-03-10,Iraq,6,1,0,,6.0,-0.25
2020-03-10,Italie,463,168,97,0.73,18.0,0.51
2020-03-10,Japon,17,-7,11,-1.64,26.0,-1.64
2020-03-10,Pays-Bas,3,1,0,,4.0,-1.0
2020-03-10,Royaume-Uni,4,2,1,1.0,5.0,0.0
2020-03-10,Suisse,2,1,0,,5.0,-1.0
2020-03-10,"États-Unis",22,6,1,5.0,10.0,1.19
2020-03-11,Allemagne,2,1,0,,2.0,-1.0
2020-03-11,Australie,3,0,-1,-1.0,10.0,-1.0
2020-03-11,Autres,6,1,0,,20.0,
2020-03-11,"Corée du Sud",54,6,1,5.0,20.0,0.69
2020-03-11,Espagne,35,19,7,1.71,8.0,0.69
2020-03-11,France,33,15,8,0.88,25.0,0.69
2020-03-11,Hong-Kong,3,0,0,,36.0,-1.0
2020-03-11,Iraq,7,0,1,-1.0,7.0,-0.4
2020-03-11,Italie,631,196,168,0.17,19.0,0.53
2020-03-11,Japon,10,5,-7,-1.71,27.0,-1.68
2020-03-11,Pays-Bas,4,1,1,0.0,5.0,-0.67
2020-03-11,Royaume-Uni,6,2,2,0.0,6.0,0.0
2020-03-11,Saint-Marin,2,0,1,-1.0,8.0,-1.0
2020-03-11,Suisse,3,1,1,0.0,6.0,-0.67
2020-03-11,"États-Unis",28,8,6,0.33,11.0,0.81
2020-03-12,Allemagne,3,3,1,2.0,3.0,0.5
2020-03-12,Australie,3,0,0,,11.0,-1.0
2020-03-12,Autres,7,0,1,-1.0,21.0,-1.0
2020-03-12,Belgique,3,0,3,-1.0,1.0,-1.0
2020-03-12,"Corée du Sud",60,6,6,0.0,21.0,0.85
2020-03-12,Espagne,54,32,19,0.68,9.0,0.79
2020-03-12,France,48,13,15,-0.13,26.0,0.57
2020-03-12,Hong-Kong,3,0,0,,37.0,-1.0
2020-03-12,Iraq,7,1,0,,8.0,-0.25
2020-03-12,Italie,827,189,196,-0.04,20.0,0.46
2020-03-12,Japon,15,4,5,-0.2,28.0,-1.18
2020-03-12,Liban,3,0,2,-1.0,2.0,0.0
2020-03-12,Pays-Bas,5,0,1,-1.0,6.0,-0.75
2020-03-12,Royaume-Uni,8,2,2,0.0,7.0,0.0
2020-03-12,Saint-Marin,2,1,0,,9.0,-1.0
2020-03-12,Suisse,4,3,1,2.0,7.0,0.0
2020-03-12,"États-Unis",36,4,8,-0.5,12.0,0.85
2020-03-13,Allemagne,6,1,3,-0.67,4.0,0.11
2020-03-13,Australie,3,38,0,,12.0,-1.0
2020-03-13,Autres,7,0,0,,22.0,-1.0
2020-03-13,Belgique,3,0,0,,2.0,-1.0
2020-03-13,"Corée du Sud",66,0,6,-1.0,22.0,0.59
2020-03-13,Espagne,86,47,32,0.47,10.0,0.71
2020-03-13,France,61,18,13,0.38,27.0,0.55
2020-03-13,Hong-Kong,3,1,0,,38.0,-1.0
2020-03-13,Iraq,8,1,1,0.0,9.0,-0.2
2020-03-13,Italie,1016,250,189,0.32,21.0,0.48
2020-03-13,Japon,19,0,4,-1.0,29.0,-1.14
2020-03-13,Liban,3,0,0,,3.0,0.0
2020-03-13,Pays-Bas,5,5,0,,7.0,-0.75
2020-03-13,Philippines,2,3,1,2.0,40.0,2.0
2020-03-13,Royaume-Uni,10,-2,2,-2.0,8.0,-0.33
2020-03-13,Saint-Marin,3,2,1,1.0,10.0,0.0
2020-03-13,Suisse,7,4,3,0.33,8.0,0.33
2020-03-13,"États-Unis",40,7,4,0.75,13.0,0.81
2020-03-14,"Algérie",2,1,1,0.0,2.0,0.0
2020-03-14,Allemagne,7,2,1,1.0,5.0,0.33
2020-03-14,Argentine,2,0,1,-1.0,6.0,-1.0
2020-03-14,Australie,41,-38,38,-2.0,13.0,-1.33
2020-03-14,Autres,7,0,0,,23.0,-1.0
2020-03-14,Belgique,3,1,0,,3.0,-1.0
2020-03-14,"Corée du Sud",66,6,0,,23.0,0.81
2020-03-14,Espagne,133,62,47,0.32,11.0,0.54
2020-03-14,France,79,12,18,-0.33,28.0,0.55
2020-03-14,Hong-Kong,4,0,1,-1.0,39.0,-1.0
2020-03-14,Inde,2,0,1,-1.0,3.0,-1.0
2020-03-14,"Indonésie",4,1,3,-0.67,3.0,-0.83
2020-03-14,Iraq,9,1,1,0.0,10.0,-0.2
2020-03-14,Italie,1266,175,250,-0.3,22.0,0.47
2020-03-14,Japon,19,3,0,,30.0,-1.14
2020-03-14,Liban,3,0,0,,4.0,0.0
2020-03-14,Pays-Bas,10,2,5,-0.6,8.0,-0.65
2020-03-14,Philippines,5,3,3,0.0,41.0,1.0
2020-03-14,Pologne,2,1,1,0.0,2.0,0.0
2020-03-14,Royaume-Uni,8,13,-2,-7.5,9.0,-1.42
2020-03-14,Saint-Marin,5,0,2,-1.0,11.0,-0.33
2020-03-14,Suisse,11,2,4,-0.5,9.0,0.17
2020-03-14,"Égypte",2,0,1,-1.0,6.0,-1.0
2020-03-14,"États-Unis",47,7,7,0.0,14.0,0.74
2020-03-15,"Algérie",3,1,1,0.0,3.0,0.0
2020-03-15,Allemagne,9,2,2,0.0,6.0,0.27
2020-03-15,Argentine,2,0,0,,7.0,-1.0
2020-03-15,Australie,3,0,-38,-1.0,14.0,-1.25
2020-03-15,Autres,7,0,0,,24.0,-1.0
2020-03-15,Belgique,4,0,1,-1.0,4.0,-1.0
2020-03-15,Bulgarie,2,0,1,-1.0,4.0,-1.0
2020-03-15,"Corée du Sud",72,3,6,-0.5,24.0,0.39
2020-03-15,Espagne,195,94,62,0.52,12.0,0.56
2020-03-15,France,91,36,12,2.0,29.0,0.41
2020-03-15,"Grèce",3,1,2,-0.5,4.0,-0.75
2020-03-15,Hong-Kong,4,0,0,,40.0,-1.0
2020-03-15,Inde,2,0,0,,4.0,-1.0
2020-03-15,"Indonésie",5,0,1,-1.0,4.0,-0.89
2020-03-15,Iraq,10,0,1,-1.0,11.0,-0.6
2020-03-15,Irlande,2,0,1,-1.0,4.0,-1.0
2020-03-15,Italie,1441,368,175,1.1,23.0,0.25
2020-03-15,Japon,22,0,3,-1.0,31.0,-1.11
2020-03-15,Liban,3,0,0,,5.0,0.0
2020-03-15,"Norvège",3,0,3,-1.0,1.0,-1.0
2020-03-15,Pays-Bas,12,8,2,3.0,9.0,0.08
2020-03-15,Philippines,8,3,3,0.0,42.0,0.67
2020-03-15,Pologne,3,0,1,-1.0,3.0,-0.33
2020-03-15,Royaume-Uni,21,14,13,0.08,10.0,-1.2
2020-03-15,Saint-Marin,5,0,0,,12.0,-0.33
2020-03-15,Suisse,13,1,2,-0.5,10.0,0.06
2020-03-15,"Suède",2,1,1,0.0,4.0,-0.5
2020-03-15,"Égypte",2,0,0,,7.0,-1.0
2020-03-15,"Équateur",2,0,2,-1.0,1.0,-1.0
2020-03-15,"États-Unis",54,9,7,0.29,15.0,0.73
2020-03-16,"Algérie",4,0,1,-1.0,4.0,-0.25
2020-03-16,Allemagne,11,6,2,2.0,7.0,0.56
2020-03-16,Argentine,2,0,0,,8.0,-1.0
2020-03-16,Australie,3,0,0,,15.0,-1.33
2020-03-16,Autres,7,0,0,,25.0,-1.0
2020-03-16,Belgique,4,1,0,,5.0,-1.0
2020-03-16,Bulgarie,2,0,0,,5.0,-1.0
2020-03-16,"Corée du Sud",75,0,3,-1.0,25.0,0.31
2020-03-16,Danemark,2,1,1,0.0,2.0,0.0
2020-03-16,Espagne,289,53,94,-0.44,13.0,0.41
2020-03-16,France,127,21,36,-0.42,30.0,0.39
2020-03-16,"Grèce",4,0,1,-1.0,5.0,-0.83
2020-03-16,Hong-Kong,4,0,0,,41.0,-1.0
2020-03-16,Inde,2,0,0,,5.0,-1.0
2020-03-16,"Indonésie",5,0,0,,5.0,-0.89
2020-03-16,Iraq,10,0,0,,12.0,-0.5
2020-03-16,Irlande,2,0,0,,5.0,-1.0
2020-03-16,Islande,5,-5,5,-2.0,1.0,-2.0
2020-03-16,Italie,1809,349,368,-0.05,24.0,0.28
2020-03-16,Japon,22,5,0,,32.0,-1.11
2020-03-16,Liban,3,0,0,,6.0,0.0
2020-03-16,"Norvège",3,0,0,,2.0,-1.0
2020-03-16,Pays-Bas,20,4,8,-0.5,10.0,0.18
2020-03-16,Philippines,11,1,3,-0.67,43.0,0.33
2020-03-16,Pologne,3,1,0,,4.0,-0.33
2020-03-16,Royaume-Uni,35,21,14,0.5,11.0,-1.13
2020-03-16,Saint-Marin,5,2,0,,13.0,-0.33
2020-03-16,Suisse,14,6,1,5.0,11.0,1.06
2020-03-16,"Suède",3,3,1,2.0,5.0,0.33
2020-03-16,"Égypte",2,0,0,,8.0,-1.0
2020-03-16,"Équateur",2,0,0,,2.0,-1.0
2020-03-16,"États-Unis",63,22,9,1.44,16.0,1.04
2020-03-17,"Algérie",4,0,0,,5.0,-0.25
2020-03-17,Allemagne,17,7,6,0.17,8.0,0.75
2020-03-17,Argentine,2,0,0,,9.0,-1.0
2020-03-17,Australie,3,2,0,,16.0,-1.33
2020-03-17,Autres,7,0,0,,26.0,-1.0
2020-03-17,Autriche,3,0,2,-1.0,5.0,-1.0
2020-03-17,Belgique,5,5,1,4.0,6.0,0.67
2020-03-17,Bulgarie,2,0,0,,6.0,-1.0
2020-03-17,Canada,4,1,3,-0.67,8.0,-0.67
2020-03-17,"Corée du Sud",75,6,0,,26.0,0.5
2020-03-17,Danemark,3,1,1,0.0,3.0,0.0
2020-03-17,Espagne,342,191,53,2.6,14.0,0.84
2020-03-17,France,148,27,21,0.29,31.0,0.38
2020-03-17,"Grèce",4,1,0,,6.0,-0.83
2020-03-17,Hong-Kong,4,0,0,,42.0,-1.0
2020-03-17,Inde,2,1,0,,6.0,-1.0
2020-03-17,"Indonésie",5,0,0,,6.0,-0.89
2020-03-17,Iraq,10,1,0,,13.0,-0.5
2020-03-17,Irlande,2,0,0,,6.0,-1.0
2020-03-17,Italie,2158,345,349,-0.01,25.0,0.17
2020-03-17,Japon,27,2,5,-0.6,33.0,-0.9
2020-03-17,Liban,3,0,0,,7.0,0.0
2020-03-17,"Norvège",3,0,0,,3.0,-1.0
2020-03-17,Pays-Bas,24,19,4,3.75,11.0,0.78
2020-03-17,Philippines,12,0,1,-1.0,44.0,0.07
2020-03-17,Pologne,4,1,1,0.0,5.0,-0.25
2020-03-17,Royaume-Uni,56,0,21,-1.0,12.0,-1.42
2020-03-17,Saint-Marin,7,0,2,-1.0,14.0,-0.5
2020-03-17,Suisse,20,7,6,0.17,12.0,0.93
2020-03-17,"Suède",6,1,3,-0.67,6.0,0.08
2020-03-17,"Égypte",2,2,0,,9.0,-1.0
2020-03-17,"Équateur",2,0,0,,3.0,-1.0
2020-03-17,"États-Unis",85,23,22,0.05,17.0,0.34
2020-03-18,"Algérie",4,3,0,,6.0,-0.25
2020-03-18,Allemagne,24,4,7,-0.43,9.0,0.58
2020-03-18,Argentine,2,0,0,,10.0,-1.0
2020-03-18,Australie,5,1,2,-0.5,17.0,-1.17
2020-03-18,Autres,7,0,0,,27.0,-1.0
2020-03-18,Autriche,3,1,0,,6.0,-1.0
2020-03-18,Belgique,10,4,5,-0.2,7.0,0.45
2020-03-18,Bulgarie,2,0,0,,7.0,-1.0
2020-03-18,Canada,5,3,1,2.0,9.0,0.67
2020-03-18,"Corée du Sud",81,3,6,-0.5,27.0,-0.6
2020-03-18,Danemark,4,0,1,-1.0,4.0,-0.25
2020-03-18,Espagne,533,90,191,-0.53,15.0,0.52
2020-03-18,France,175,89,27,2.3,32.0,0.58
2020-03-18,"Grèce",5,0,1,-1.0,7.0,-0.88
2020-03-18,Hong-Kong,4,0,0,,43.0,-1.0
2020-03-18,Inde,3,0,1,-1.0,7.0,-1.0
2020-03-18,"Indonésie",5,14,0,,7.0,-0.89
2020-03-18,Iraq,11,1,1,0.0,14.0,-0.25
2020-03-18,Irlande,2,0,0,,7.0,-1.0
2020-03-18,Italie,2503,475,345,0.38,26.0,0.2
2020-03-18,Japon,29,0,2,-1.0,34.0,-0.76
2020-03-18,Liban,3,0,0,,8.0,-1.0
2020-03-18,Malaisie,2,0,2,-1.0,1.0,-1.0
2020-03-18,Maroc,2,0,1,-1.0,8.0,-1.0
2020-03-18,"Norvège",3,3,0,,4.0,-1.0
2020-03-18,Pays-Bas,43,15,19,-0.21,12.0,0.74
2020-03-18,Philippines,12,7,0,,45.0,0.07
2020-03-18,Pologne,5,0,1,-1.0,6.0,-0.4
2020-03-18,Royaume-Uni,56,16,0,,13.0,-1.65
2020-03-18,Saint-Marin,7,4,0,,15.0,-0.33
2020-03-18,Suisse,27,1,7,-0.86,13.0,0.81
2020-03-18,"Suède",7,3,1,2.0,7.0,0.47
2020-03-18,Ukraine,2,0,1,-1.0,5.0,-1.0
2020-03-18,"Égypte",4,2,2,0.0,10.0,-0.5
2020-03-18,"Équateur",2,0,0,,4.0,-1.0
2020-03-18,"États-Unis",108,10,23,-0.57,18.0,0.21
2020-03-19,Albanie,2,0,1,-1.0,8.0,-1.0
2020-03-19,"Algérie",7,2,3,-0.33,7.0,-0.27
2020-03-19,Allemagne,28,16,4,3.0,10.0,0.72
2020-03-19,Argentine,2,1,0,,11.0,-1.0
2020-03-19,Australie,6,0,1,-1.0,18.0,-1.13
2020-03-19,Autres,7,0,0,,28.0,
2020-03-19,Autriche,4,2,1,1.0,7.0,-0.33
2020-03-19,Belgique,14,7,4,0.75,8.0,0.89
2020-03-19,"Brésil",3,3,2,0.5,2.0,0.75
2020-03-19,Bulgarie,2,1,0,,8.0,-1.0
2020-03-19,Canada,8,1,3,-0.67,10.0,0.22
2020-03-19,"Corée du Sud",84,7,3,1.33,28.0,-0.33
2020-03-19,Danemark,4,2,0,,5.0,-0.25
2020-03-19,Espagne,623,207,90,1.3,16.0,0.61
2020-03-19,France,264,108,89,0.21,33.0,0.63
2020-03-19,"Grèce",5,1,0,,8.0,-0.83
2020-03-19,Hong-Kong,4,0,0,,44.0,-1.0
2020-03-19,Inde,3,1,0,,8.0,-1.0
2020-03-19,"Indonésie",19,6,14,-0.57,8.0,-0.75
2020-03-19,Iraq,12,1,1,0.0,15.0,-0.2
2020-03-19,Irlande,2,1,0,,8.0,-1.0
2020-03-19,Italie,2978,427,475,-0.1,27.0,0.19
2020-03-19,Japon,29,0,0,,35.0,-0.9
2020-03-19,Liban,3,1,0,,9.0,
2020-03-19,Luxembourg,2,2,1,1.0,5.0,0.0
2020-03-19,Malaisie,2,0,0,,2.0,-1.0
2020-03-19,Maroc,2,0,0,,9.0,-1.0
2020-03-19,"Norvège",6,1,3,-0.67,5.0,-0.83
2020-03-19,Pays-Bas,58,19,15,0.27,13.0,0.95
2020-03-19,Philippines,19,-2,7,-1.29,46.0,-0.16
2020-03-19,Pologne,5,0,0,,7.0,-0.4
2020-03-19,Portugal,2,1,1,0.0,2.0,0.0
2020-03-19,Royaume-Uni,72,66,16,3.13,14.0,-1.13
2020-03-19,Saint-Marin,11,0,4,-1.0,16.0,-0.5
2020-03-19,Suisse,28,13,1,12.0,14.0,2.23
2020-03-19,"Suède",10,1,3,-0.67,8.0,0.53
2020-03-19,Ukraine,2,0,0,,6.0,-1.0
2020-03-19,"Égypte",6,0,2,-1.0,11.0,-0.67
2020-03-19,"Équateur",2,1,0,,5.0,-1.0
2020-03-19,"États-Unis",118,82,10,7.2,19.0,1.31
2020-03-20,Albanie,2,0,0,,9.0,-1.0
2020-03-20,"Algérie",9,2,2,0.0,8.0,-0.27
2020-03-20,Allemagne,44,23,16,0.44,11.0,0.88
2020-03-20,Argentine,3,0,1,-1.0,12.0,-1.0
2020-03-20,Australie,6,1,0,,19.0,-1.13
2020-03-20,Autres,7,0,0,,29.0,
2020-03-20,Autriche,6,0,2,-1.0,8.0,-0.33
2020-03-20,Belgique,21,16,7,1.29,9.0,0.97
2020-03-20,"Brésil",6,5,3,0.67,3.0,0.72
2020-03-20,Bulgarie,3,0,1,-1.0,9.0,-1.0
2020-03-20,Canada,9,3,1,2.0,11.0,0.67
2020-03-20,"Corée du Sud",91,3,7,-0.57,29.0,-0.25
2020-03-20,Danemark,6,3,2,0.5,6.0,-0.1
2020-03-20,Espagne,830,213,207,0.03,17.0,0.54
2020-03-20,France,372,78,108,-0.28,34.0,0.54
2020-03-20,"Grèce",6,0,1,-1.0,9.0,-0.88
2020-03-20,Hong-Kong,4,0,0,,45.0,-1.0
2020-03-20,Inde,4,1,1,0.0,9.0,-0.67
2020-03-20,"Indonésie",25,7,6,0.17,9.0,-0.52
2020-03-20,Iraq,13,4,1,3.0,16.0,0.4
2020-03-20,Irlande,3,0,1,-1.0,9.0,-1.0
2020-03-20,Italie,3405,627,427,0.47,28.0,0.21
2020-03-20,Japon,29,4,0,,36.0,-0.87
2020-03-20,Liban,4,0,1,-1.0,10.0,-1.0
2020-03-20,Luxembourg,4,0,2,-1.0,6.0,-0.33
2020-03-20,Malaisie,2,1,0,,3.0,-1.0
2020-03-20,Maroc,2,1,0,,10.0,-1.0
2020-03-20,"Norvège",7,0,1,-1.0,6.0,-0.89
2020-03-20,Pakistan,2,1,2,-0.5,1.0,-0.5
2020-03-20,Pays-Bas,77,30,19,0.58,14.0,0.9
2020-03-20,Philippines,17,1,-2,-1.5,47.0,-0.74
2020-03-20,Pologne,5,0,0,,8.0,-0.5
2020-03-20,Portugal,3,3,1,2.0,3.0,0.67
2020-03-20,Royaume-Uni,138,40,66,-0.39,15.0,-0.87
2020-03-20,"République Dominicaine",2,0,1,-1.0,3.0,-1.0
2020-03-20,Saint-Marin,11,3,0,,17.0,-1.0
2020-03-20,Suisse,41,13,13,0.0,15.0,2.19
2020-03-20,"Suède",11,5,1,4.0,9.0,1.11
2020-03-20,Turquie,3,1,2,-0.5,3.0,-0.75
2020-03-20,Ukraine,2,1,0,,7.0,-1.0
2020-03-20,"Égypte",6,2,0,,12.0,-0.67
2020-03-20,"Équateur",3,2,1,1.0,6.0,0.0
2020-03-20,"États-Unis",200,44,82,-0.46,20.0,1.14
2020-03-21,Albanie,2,0,0,,10.0,-1.0
2020-03-21,"Algérie",11,4,2,1.0,9.0,-0.07
2020-03-21,Allemagne,67,17,23,-0.26,12.0,0.7
2020-03-21,Argentine,3,1,0,,13.0,-1.0
2020-03-21,Australie,7,0,1,-1.0,20.0,-0.88
2020-03-21,Autres,7,1,0,,30.0,
2020-03-21,Autriche,6,2,0,,9.0,-0.33
2020-03-21,Belgique,37,30,16,0.88,10.0,0.95
2020-03-21,"Brésil",11,4,5,-0.2,4.0,0.49
2020-03-21,Bulgarie,3,0,0,,10.0,-1.0
2020-03-21,Canada,12,7,3,1.33,12.0,0.8
2020-03-21,"Corée du Sud",94,8,3,1.67,30.0,0.07
2020-03-21,Danemark,9,4,3,0.33,7.0,-0.03
2020-03-21,Espagne,1043,332,213,0.56,18.0,0.58
2020-03-21,France,450,112,78,0.44,35.0,0.65
2020-03-21,"Grèce",6,7,0,,10.0,-0.88
2020-03-21,Hong-Kong,4,0,0,,46.0,
2020-03-21,Hongrie,3,1,2,-0.5,6.0,-0.75
2020-03-21,Inde,5,-1,1,-2.0,10.0,-1.0
2020-03-21,"Indonésie",32,6,7,-0.14,10.0,-0.39
2020-03-21,Iraq,17,0,4,-1.0,17.0,0.2
2020-03-21,Irlande,3,0,0,,10.0,-1.0
2020-03-21,Italie,4032,793,627,0.26,29.0,0.29
2020-03-21,Japon,33,2,4,-0.5,37.0,-0.78
2020-03-21,Kazakhstan,3,-3,3,-2.0,-5.0,-2.0
2020-03-21,Liban,4,0,0,,11.0,-1.0
2020-03-21,Luxembourg,4,4,0,,7.0,-0.33
2020-03-21,Malaisie,3,1,1,0.0,4.0,-0.5
2020-03-21,Maroc,3,0,1,-1.0,11.0,-1.0
2020-03-21,"Norvège",7,0,0,,7.0,-0.89
2020-03-21,Pakistan,3,0,1,-1.0,2.0,-0.75
2020-03-21,Pays-Bas,107,30,30,0.0,15.0,0.98
2020-03-21,Philippines,18,1,1,0.0,48.0,-0.74
2020-03-21,Pologne,5,0,0,,9.0,-0.67
2020-03-21,Portugal,6,6,3,1.0,4.0,0.75
2020-03-21,"Pérou",3,2,3,-0.33,1.0,-0.33
2020-03-21,Royaume-Uni,178,56,40,0.4,16.0,0.45
2020-03-21,"République Dominicaine",2,0,0,,4.0,-1.0
2020-03-21,Saint-Marin,14,6,3,1.0,18.0,-0.33
2020-03-21,Suisse,54,21,13,0.62,16.0,2.35
2020-03-21,"Suède",16,4,5,-0.2,10.0,0.92
2020-03-21,"Taïwan",2,0,1,-1.0,34.0,-1.0
2020-03-21,Turquie,4,5,1,4.0,4.0,0.83
2020-03-21,Ukraine,3,0,1,-1.0,8.0,-1.0
2020-03-21,"Égypte",8,2,2,0.0,13.0,-0.33
2020-03-21,"Émirats Arabes Unis",2,0,2,-1.0,1.0,-1.0
2020-03-21,"Équateur",5,2,2,0.0,7.0,0.0
2020-03-21,"États-Unis",244,63,44,0.43,21.0,1.2
2020-03-22,Albanie,2,0,0,,11.0,-1.0
2020-03-22,"Algérie",15,2,4,-0.5,10.0,-0.17
2020-03-22,Allemagne,84,10,17,-0.41,13.0,0.64
2020-03-22,Argentine,4,0,1,-1.0,14.0,-1.0
2020-03-22,Australie,7,0,0,,21.0,-0.83
2020-03-22,Autres,8,0,1,-1.0,31.0,-1.0
2020-03-22,Autriche,8,8,2,3.0,10.0,0.5
2020-03-22,Bangladesh,2,0,1,-1.0,4.0,-1.0
2020-03-22,Belgique,67,8,30,-0.73,11.0,1.0
2020-03-22,"Brésil",15,10,4,1.5,5.0,0.69
2020-03-22,Bulgarie,3,0,0,,11.0,-1.0
2020-03-22,"Burkina Faso",2,2,1,1.0,4.0,0.0
2020-03-22,Canada,19,2,7,-0.71,13.0,0.55
2020-03-22,"Corée du Sud",102,2,8,-0.75,31.0,0.03
2020-03-22,"Costa Rica",2,0,1,-1.0,3.0,-1.0
2020-03-22,Danemark,13,0,4,-1.0,8.0,-0.19
2020-03-22,Espagne,1375,381,332,0.15,19.0,0.52
2020-03-22,France,562,112,112,0.0,36.0,0.36
2020-03-22,"Grèce",13,2,7,-0.71,11.0,-0.93
2020-03-22,Hong-Kong,4,0,0,,47.0,
2020-03-22,Hongrie,4,2,1,1.0,7.0,-0.17
2020-03-22,Inde,4,3,-1,-4.0,11.0,-1.75
2020-03-22,"Indonésie",38,10,6,0.67,11.0,0.03
2020-03-22,Iraq,17,3,0,,18.0,0.5
2020-03-22,Irlande,3,1,0,,11.0,-1.0
2020-03-22,Italie,4825,651,793,-0.18,30.0,0.11
2020-03-22,Japon,35,1,2,-0.5,38.0,-0.65
2020-03-22,Liban,4,0,0,,12.0,-1.0
2020-03-22,Luxembourg,8,0,4,-1.0,8.0,-0.33
2020-03-22,Malaisie,4,6,1,5.0,5.0,1.33
2020-03-22,Maroc,3,1,0,,12.0,-1.0
2020-03-22,Mexique,2,0,1,-1.0,3.0,-1.0
2020-03-22,"Norvège",7,0,0,,8.0,-0.83
2020-03-22,Pakistan,3,1,0,,3.0,-0.75
2020-03-22,Pays-Bas,137,43,30,0.43,16.0,0.62
2020-03-22,Philippines,19,6,1,5.0,49.0,0.09
2020-03-22,Pologne,5,2,0,,10.0,-0.5
2020-03-22,Portugal,12,2,6,-0.67,5.0,0.47
2020-03-22,"Pérou",5,0,2,-1.0,2.0,-0.67
2020-03-22,Royaume-Uni,234,48,56,-0.14,17.0,0.41
2020-03-22,"République Dominicaine",2,1,0,,5.0,-1.0
2020-03-22,Saint-Marin,20,0,6,-1.0,19.0,-0.5
2020-03-22,Singapour,2,0,2,-1.0,1.0,-1.0
2020-03-22,Suisse,75,23,21,0.1,17.0,2.43
2020-03-22,"Suède",20,1,4,-0.75,11.0,0.82
2020-03-22,"Taïwan",2,0,0,,35.0,-1.0
2020-03-22,Turquie,9,21,5,3.2,5.0,1.43
2020-03-22,Ukraine,3,0,0,,9.0,-1.0
2020-03-22,"Égypte",10,4,2,1.0,14.0,0.0
2020-03-22,"Émirats Arabes Unis",2,0,0,,2.0,-1.0
2020-03-22,"Équateur",7,7,2,2.5,8.0,1.17
2020-03-22,"États-Unis",307,120,63,0.9,22.0,1.29
2020-03-23,Albanie,2,2,0,,12.0,-1.0
2020-03-23,"Algérie",17,0,2,-1.0,11.0,-0.17
2020-03-23,Allemagne,94,29,10,1.9,14.0,0.63
2020-03-23,Argentine,4,0,0,,15.0,-1.0
2020-03-23,Australie,7,0,0,,22.0,-0.83
2020-03-23,Autres,8,0,0,,32.0,-1.0
2020-03-23,Autriche,16,5,8,-0.38,11.0,0.33
2020-03-23,"Bahreïn",2,0,1,-1.0,7.0,-1.0
2020-03-23,Bangladesh,2,1,0,,5.0,-1.0
2020-03-23,Belgique,75,13,8,0.63,12.0,0.94
2020-03-23,"Brésil",25,9,10,-0.1,6.0,0.56
2020-03-23,Bulgarie,3,0,0,,12.0,-1.0
2020-03-23,"Burkina Faso",4,0,2,-1.0,5.0,-0.33
2020-03-23,Canada,21,4,2,1.0,14.0,0.61
2020-03-23,Colombie,2,1,2,-0.5,1.0,-0.5
2020-03-23,"Corée du Sud",104,7,2,2.5,32.0,0.61
2020-03-23,"Costa Rica",2,0,0,,4.0,-1.0
2020-03-23,Danemark,13,11,0,,9.0,-0.23
2020-03-23,Espagne,1756,555,381,0.46,20.0,0.65
2020-03-23,France,674,186,112,0.66,37.0,0.52
2020-03-23,"Grèce",15,2,2,0.0,12.0,-0.68
2020-03-23,Hong-Kong,4,0,0,,48.0,
2020-03-23,Hongrie,6,1,2,-0.5,8.0,0.0
2020-03-23,Inde,7,3,3,0.0,12.0,-1.4
2020-03-23,"Indonésie",48,1,10,-0.9,12.0,-0.16
2020-03-23,Iraq,20,3,3,0.0,19.0,0.4
2020-03-23,Irlande,4,2,1,1.0,12.0,0.0
2020-03-23,Italie,5476,601,651,-0.08,31.0,0.11
2020-03-23,Japon,36,6,1,5.0,39.0,0.48
2020-03-23,Liban,4,0,0,,13.0,-1.0
2020-03-23,Luxembourg,8,0,0,,9.0,-0.33
2020-03-23,Malaisie,10,4,6,-0.33,6.0,0.92
2020-03-23,Maroc,4,0,1,-1.0,13.0,-1.0
2020-03-23,Maurice,2,0,1,-1.0,2.0,-0.5
2020-03-23,Mexique,2,1,0,,4.0,-1.0
2020-03-23,"Norvège",7,3,0,,9.0,-0.83
2020-03-23,Pakistan,4,2,1,1.0,4.0,-0.17
2020-03-23,Pays-Bas,180,34,43,-0.21,17.0,0.66
2020-03-23,Philippines,25,8,6,0.33,50.0,0.26
2020-03-23,Pologne,7,1,2,-0.5,11.0,-0.5
2020-03-23,Portugal,14,9,2,3.5,6.0,0.97
2020-03-23,"Pérou",5,0,0,,3.0,-0.67
2020-03-23,Roumanie,3,4,3,0.33,1.0,0.33
2020-03-23,Royaume-Uni,282,54,48,0.13,18.0,0.35
2020-03-23,"République Dominicaine",3,0,1,-1.0,6.0,-1.0
2020-03-23,Saint-Marin,20,0,0,,20.0,-0.5
2020-03-23,Serbie,2,1,1,0.0,3.0,-0.5
2020-03-23,Singapour,2,0,0,,2.0,-1.0
2020-03-23,"Slovénie",2,1,1,0.0,9.0,0.0
2020-03-23,Suisse,98,22,23,-0.04,18.0,1.71
2020-03-23,"Suède",21,4,1,3.0,12.0,0.96
2020-03-23,"Taïwan",2,0,0,,36.0,-1.0
2020-03-23,Tunisie,3,0,2,-1.0,4.0,-1.0
2020-03-23,Turquie,30,7,21,-0.67,6.0,1.01
2020-03-23,Ukraine,3,0,0,,10.0,-1.0
2020-03-23,"Égypte",14,5,4,0.25,15.0,0.05
2020-03-23,"Émirats Arabes Unis",2,0,0,,3.0,-1.0
2020-03-23,"Équateur",14,4,7,-0.43,9.0,0.77
2020-03-23,"États-Unis",427,125,120,0.04,23.0,1.09
2020-03-24,Albanie,4,1,2,-0.5,13.0,-0.75
2020-03-24,"Algérie",17,2,0,,12.0,-0.17
2020-03-24,Allemagne,123,34,29,0.17,15.0,0.63
2020-03-24,Argentine,4,2,0,,16.0,-1.0
2020-03-24,Australie,7,1,0,,23.0,-0.83
2020-03-24,Autriche,21,7,5,0.4,12.0,0.61
2020-03-24,"Bahreïn",2,1,0,,8.0,-1.0
2020-03-24,Bangladesh,3,1,1,0.0,6.0,-0.67
2020-03-24,Belgique,88,34,13,1.62,13.0,0.6
2020-03-24,"Brésil",34,12,9,0.33,7.0,0.53
2020-03-24,Bulgarie,3,0,0,,13.0,-1.0
2020-03-24,"Burkina Faso",4,0,0,,6.0,-0.33
2020-03-24,Canada,25,1,4,-0.75,15.0,0.6
2020-03-24,Chili,2,0,1,-1.0,2.0,-0.5
2020-03-24,Colombie,3,0,1,-1.0,2.0,-0.75
2020-03-24,"Corée du Sud",111,9,7,0.29,33.0,0.57
2020-03-24,"Costa Rica",2,0,0,,5.0,-1.0
2020-03-24,Danemark,24,8,11,-0.27,10.0,-0.29
2020-03-24,Espagne,2311,497,555,-0.1,21.0,0.27
2020-03-24,France,860,240,186,0.29,38.0,0.52
2020-03-24,Ghana,2,0,1,-1.0,3.0,-1.0
2020-03-24,"Grèce",17,3,2,0.5,13.0,-0.44
2020-03-24,Hong-Kong,4,0,0,,49.0,
2020-03-24,Hongrie,7,2,1,1.0,9.0,0.25
2020-03-24,Inde,10,0,3,-1.0,13.0,-1.33
2020-03-24,"Indonésie",49,6,1,5.0,13.0,0.7
2020-03-24,Iraq,23,4,3,0.33,20.0,0.39
2020-03-24,Irlande,6,1,2,-0.5,13.0,-0.17
2020-03-24,Italie,6077,743,601,0.24,32.0,0.14
2020-03-24,Japon,42,1,6,-0.83,40.0,0.43
2020-03-24,Liban,4,0,0,,14.0,-1.0
2020-03-24,Luxembourg,8,0,0,,10.0,-0.33
2020-03-24,"Macédoine",2,0,1,-1.0,2.0,-0.5
2020-03-24,Malaisie,14,2,4,-0.5,7.0,0.63
2020-03-24,Maroc,4,1,0,,14.0,-1.0
2020-03-24,Maurice,2,0,0,,3.0,-0.5
2020-03-24,Mexique,3,1,1,0.0,5.0,-0.67
2020-03-24,"Norvège",10,2,3,-0.33,10.0,-0.67
2020-03-24,Pakistan,6,1,2,-0.5,5.0,-0.25
2020-03-24,Pays-Bas,214,63,34,0.85,18.0,0.24
2020-03-24,Philippines,33,2,8,-0.75,51.0,0.3
2020-03-24,Pologne,8,2,1,1.0,12.0,-0.17
2020-03-24,Portugal,23,10,9,0.11,7.0,0.85
2020-03-24,"Pérou",5,2,0,,4.0,-0.67
2020-03-24,Roumanie,7,4,4,0.0,2.0,0.17
2020-03-24,Royaume-Uni,336,87,54,0.61,19.0,0.62
2020-03-24,"République Dominicaine",3,3,0,,7.0,-1.0
2020-03-24,Saint-Marin,20,1,0,,21.0,-0.33
2020-03-24,Serbie,3,0,1,-1.0,4.0,-0.67
2020-03-24,Singapour,2,0,0,,3.0,-1.0
2020-03-24,"Slovénie",3,1,1,0.0,10.0,0.0
2020-03-24,Suisse,120,2,22,-0.91,19.0,1.56
2020-03-24,"Suède",25,11,4,1.75,13.0,1.3
2020-03-24,"Taïwan",2,0,0,,37.0,-1.0
2020-03-24,Tunisie,3,1,0,,5.0,-1.0
2020-03-24,Turquie,37,7,7,0.0,7.0,0.84
2020-03-24,Ukraine,3,0,0,,11.0,-1.0
2020-03-24,"Égypte",19,1,5,-0.8,16.0,-0.09
2020-03-24,"Émirats Arabes Unis",2,0,0,,4.0,-1.0
2020-03-24,"Équateur",18,9,4,1.25,10.0,0.86
2020-03-24,"États-Unis",552,154,125,0.23,24.0,1.11
2020-03-25,Albanie,5,0,1,-1.0,14.0,-0.83
2020-03-25,"Algérie",19,2,2,0.0,13.0,-0.14
2020-03-25,Allemagne,157,49,34,0.44,16.0,0.75
2020-03-25,Argentine,6,2,2,0.0,17.0,-0.67
2020-03-25,Australie,8,0,1,-1.0,24.0,-1.0
2020-03-25,Autriche,28,2,7,-0.71,13.0,0.39
2020-03-25,"Bahreïn",3,1,1,0.0,9.0,-0.5
2020-03-25,Bangladesh,4,1,1,0.0,7.0,-0.5
2020-03-25,Belgique,122,56,34,0.65,14.0,0.72
2020-03-25,"Bosnie-Herzégovine",3,0,2,-1.0,4.0,-1.0
2020-03-25,"Brésil",46,13,12,0.08,8.0,0.4
2020-03-25,Bulgarie,3,0,0,,14.0,-1.0
2020-03-25,"Burkina Faso",4,0,0,,7.0,-0.33
2020-03-25,Canada,26,4,1,3.0,16.0,0.74
2020-03-25,Chili,2,1,0,,3.0,-0.5
2020-03-25,Chypre,3,0,2,-1.0,3.0,-1.0
2020-03-25,Colombie,3,1,0,,3.0,-0.75
2020-03-25,"Corée du Sud",120,6,9,-0.33,34.0,0.59
2020-03-25,"Costa Rica",2,0,0,,6.0,-1.0
2020-03-25,Danemark,32,2,8,-0.75,11.0,-0.24
2020-03-25,Espagne,2808,839,497,0.69,22.0,0.44
2020-03-25,France,1100,231,240,-0.04,39.0,0.18
2020-03-25,Ghana,2,2,0,,4.0,-1.0
2020-03-25,"Grèce",20,2,3,-0.33,14.0,-0.31
2020-03-25,Hong-Kong,4,0,0,,50.0,
2020-03-25,Hongrie,9,1,2,-0.5,10.0,0.1
2020-03-25,Inde,10,2,0,,14.0,-1.4
2020-03-25,"Indonésie",55,3,6,-0.5,14.0,0.53
2020-03-25,Iraq,27,2,4,-0.5,21.0,0.31
2020-03-25,Irlande,7,2,1,1.0,14.0,0.13
2020-03-25,Islande,2,0,1,-1.0,10.0,-1.33
2020-03-25,"Israël",3,2,2,0.0,4.0,-0.5
2020-03-25,Italie,6820,683,743,-0.08,33.0,0.08
2020-03-25,Japon,43,2,1,1.0,41.0,0.83
2020-03-25,Liban,4,2,0,,15.0,-1.0
2020-03-25,Lituanie,2,2,1,1.0,4.0,0.0
2020-03-25,Luxembourg,8,0,0,,11.0,-0.33
2020-03-25,"Macédoine",2,1,0,,3.0,-0.5
2020-03-25,Malaisie,16,4,2,1.0,8.0,1.03
2020-03-25,Maroc,5,1,1,0.0,15.0,-0.67
2020-03-25,Maurice,2,0,0,,4.0,-0.5
2020-03-25,Mexique,4,1,1,0.0,6.0,-0.5
2020-03-25,"Norvège",12,2,2,0.0,11.0,-0.5
2020-03-25,Pakistan,7,1,1,0.0,6.0,-0.2
2020-03-25,Paraguay,2,1,1,0.0,4.0,-0.5
2020-03-25,Pays-Bas,277,80,63,0.27,19.0,0.31
2020-03-25,Philippines,35,3,2,0.5,52.0,0.33
2020-03-25,Pologne,10,4,2,1.0,13.0,0.5
2020-03-25,Portugal,33,10,10,0.0,8.0,0.85
2020-03-25,"Pérou",7,2,2,0.0,5.0,-0.44
2020-03-25,Roumanie,11,6,4,0.5,3.0,0.28
2020-03-25,Royaume-Uni,423,43,87,-0.51,20.0,0.46
2020-03-25,"Rép. Dém. du Congo",2,0,1,-1.0,4.0,-1.0
2020-03-25,"République Dominicaine",6,4,3,0.33,8.0,-0.56
2020-03-25,"République Tchèque",3,3,2,0.5,3.0,-0.25
2020-03-25,Saint-Marin,21,0,1,-1.0,22.0,-0.5
2020-03-25,Serbie,3,1,0,,5.0,-0.67
2020-03-25,Singapour,2,0,0,,4.0,-1.0
2020-03-25,"Slovénie",4,1,1,0.0,11.0,0.0
2020-03-25,Suisse,122,31,2,14.5,20.0,3.75
2020-03-25,"Suède",36,26,11,1.36,14.0,1.21
2020-03-25,"Taïwan",2,0,0,,38.0,-1.0
2020-03-25,"Thaïlande",4,0,3,-1.0,24.0,-1.0
2020-03-25,Tunisie,4,1,1,0.0,6.0,-0.67
2020-03-25,Turquie,44,15,7,1.14,8.0,1.2
2020-03-25,Ukraine,3,2,0,,12.0,-1.0
2020-03-25,"Égypte",20,1,1,0.0,17.0,-0.09
2020-03-25,"Émirats Arabes Unis",2,0,0,,5.0,-1.0
2020-03-25,"Équateur",27,1,9,-0.89,11.0,0.57
2020-03-25,"États-Unis",706,236,154,0.53,25.0,1.27
2020-03-26,Afghanistan,2,2,1,1.0,4.0,0.0
2020-03-26,Albanie,5,1,0,,15.0,-0.75
2020-03-26,"Algérie",21,4,2,1.0,14.0,0.08
2020-03-26,Allemagne,206,61,49,0.24,17.0,0.36
2020-03-26,"Arabie Saoudite",2,1,1,0.0,2.0,0.0
2020-03-26,Argentine,8,1,2,-0.5,18.0,-0.63
2020-03-26,Australie,8,5,0,,25.0,-1.0
2020-03-26,Autriche,30,19,2,8.5,14.0,1.64
2020-03-26,"Azerbaïdjan",2,1,1,0.0,13.0,0.0
2020-03-26,"Bahreïn",4,0,1,-1.0,10.0,-0.67
2020-03-26,Bangladesh,5,0,1,-1.0,8.0,-0.5
2020-03-26,Belgique,178,42,56,-0.25,15.0,0.58
2020-03-26,"Bosnie-Herzégovine",3,0,0,,5.0,-1.0
2020-03-26,"Brésil",59,18,13,0.38,9.0,0.38
2020-03-26,Bulgarie,3,0,0,,15.0,-1.0
2020-03-26,"Burkina Faso",4,3,0,,8.0,0.0
2020-03-26,Canada,30,8,4,1.0,17.0,0.98
2020-03-26,Chili,3,1,1,0.0,4.0,-0.33
2020-03-26,Chypre,3,0,0,,4.0,-1.0
2020-03-26,Colombie,4,2,1,1.0,4.0,-0.17
2020-03-26,"Corée du Sud",126,5,6,-0.17,35.0,0.38
2020-03-26,"Costa Rica",2,0,0,,7.0,-1.0
2020-03-26,Danemark,34,7,2,2.5,12.0,0.22
2020-03-26,Espagne,3647,718,839,-0.14,23.0,0.23
2020-03-26,Finlande,3,2,2,0.0,5.0,-0.5
2020-03-26,France,1331,365,231,0.58,40.0,0.24
2020-03-26,"Fédération de Russie",3,0,2,-1.0,7.0,-1.0
2020-03-26,Ghana,4,0,2,-1.0,5.0,-1.0
2020-03-26,"Grèce",22,4,2,1.0,15.0,-0.09
2020-03-26,Hong-Kong,4,0,0,,51.0,
2020-03-26,Hongrie,10,0,1,-1.0,11.0,-0.08
2020-03-26,Inde,12,8,2,3.0,15.0,-0.67
2020-03-26,"Indonésie",58,20,3,5.67,15.0,1.42
2020-03-26,Iraq,29,7,2,2.5,22.0,0.72
2020-03-26,Irlande,9,10,2,4.0,15.0,0.9
2020-03-26,Islande,2,0,0,,11.0,-1.33
2020-03-26,"Israël",5,3,2,0.5,5.0,-0.17
2020-03-26,Italie,7503,712,683,0.04,34.0,0.1
2020-03-26,Japon,45,2,2,0.0,42.0,0.69
2020-03-26,Liban,6,0,2,-1.0,16.0,-1.0
2020-03-26,Lituanie,4,0,2,-1.0,5.0,-0.33
2020-03-26,Luxembourg,8,1,0,,12.0,-1.0
2020-03-26,"Macédoine",3,0,1,-1.0,4.0,-0.67
2020-03-26,Malaisie,20,3,4,-0.25,9.0,0.82
2020-03-26,Maroc,6,5,1,4.0,16.0,0.5
2020-03-26,Maurice,2,0,0,,5.0,-0.5
2020-03-26,Mexique,5,1,1,0.0,7.0,-0.4
2020-03-26,"Norvège",14,0,2,-1.0,12.0,-0.58
2020-03-26,Pakistan,8,1,1,0.0,7.0,-0.17
2020-03-26,Paraguay,3,0,1,-1.0,5.0,-0.67
2020-03-26,Pays-Bas,357,78,80,-0.03,20.0,0.27
2020-03-26,Philippines,38,7,3,1.33,53.0,0.7
2020-03-26,Pologne,14,2,4,-0.5,14.0,0.25
2020-03-26,Portugal,43,17,10,0.7,9.0,0.95
2020-03-26,"Pérou",9,0,2,-1.0,6.0,-0.58
2020-03-26,Roumanie,17,6,6,0.0,4.0,0.21
2020-03-26,Royaume-Uni,466,114,43,1.65,21.0,0.25
2020-03-26,"Rép. Dém. du Congo",2,1,0,,5.0,-1.0
2020-03-26,"République Dominicaine",10,0,4,-1.0,9.0,-0.67
2020-03-26,"République Tchèque",6,3,3,0.0,4.0,-0.17
2020-03-26,Saint-Marin,21,0,0,,23.0,-0.33
2020-03-26,Serbie,4,-3,1,-4.0,6.0,-1.5
2020-03-26,Singapour,2,0,0,,5.0,-1.0
2020-03-26,"Slovénie",5,1,1,0.0,12.0,0.0
2020-03-26,Suisse,153,38,31,0.23,21.0,2.07
2020-03-26,"Suède",62,15,26,-0.42,15.0,1.25
2020-03-26,"Taïwan",2,0,0,,39.0,-1.0
2020-03-26,"Thaïlande",4,0,0,,25.0,-1.0
2020-03-26,Tunisie,5,1,1,0.0,7.0,-0.5
2020-03-26,Turquie,59,16,15,0.07,9.0,1.03
2020-03-26,Ukraine,5,0,2,-1.0,13.0,-1.0
2020-03-26,"Égypte",21,3,1,2.0,18.0,0.41
2020-03-26,"Émirats Arabes Unis",2,0,0,,6.0,-1.0
2020-03-26,"Équateur",28,6,1,5.0,12.0,1.2
2020-03-26,"États-Unis",942,267,236,0.13,26.0,0.26
2020-03-27,Afghanistan,4,0,2,-1.0,5.0,-0.33
2020-03-27,Albanie,6,2,1,1.0,16.0,-0.17
2020-03-27,"Algérie",25,1,4,-0.75,15.0,-0.04
2020-03-27,Allemagne,267,75,61,0.23,18.0,0.33
2020-03-27,Andorre,3,0,2,-1.0,5.0,-1.0
2020-03-27,"Arabie Saoudite",3,0,1,-1.0,3.0,-0.33
2020-03-27,Argentine,9,4,1,3.0,19.0,0.38
2020-03-27,Australie,13,0,5,-1.0,26.0,-1.0
2020-03-27,Autres,10,0,0,,36.0,-1.0
2020-03-27,Autriche,49,9,19,-0.53,15.0,1.71
2020-03-27,"Azerbaïdjan",3,0,1,-1.0,14.0,-0.5
2020-03-27,"Bahreïn",4,0,0,,11.0,-0.67
2020-03-27,Bangladesh,5,0,0,,9.0,-0.5
2020-03-27,Belgique,220,69,42,0.64,16.0,0.49
2020-03-27,"Bosnie-Herzégovine",3,1,0,,6.0,-1.0
2020-03-27,"Brésil",77,15,18,-0.17,10.0,0.26
2020-03-27,Bulgarie,3,0,0,,16.0,
2020-03-27,"Burkina Faso",7,2,3,-0.33,9.0,-0.11
2020-03-27,Canada,38,16,8,1.0,18.0,0.84
2020-03-27,Chili,4,1,1,0.0,5.0,-0.25
2020-03-27,Chypre,3,2,0,,5.0,-1.0
2020-03-27,Colombie,6,0,2,-1.0,5.0,-0.38
2020-03-27,"Corée du Sud",131,8,5,0.6,36.0,0.54
2020-03-27,"Costa Rica",2,0,0,,8.0,-1.0
2020-03-27,Croatie,3,0,2,-1.0,8.0,-1.0
2020-03-27,Cuba,2,0,1,-1.0,9.0,-1.0
2020-03-27,Danemark,41,11,7,0.57,13.0,0.23
2020-03-27,Espagne,4365,773,718,0.08,24.0,0.24
2020-03-27,Finlande,5,2,2,0.0,6.0,-0.33
2020-03-27,France,1696,299,365,-0.18,41.0,0.25
2020-03-27,"Fédération de Russie",3,1,0,,8.0,-1.0
2020-03-27,Ghana,4,0,0,,6.0,-1.0
2020-03-27,"Grèce",26,2,4,-0.5,16.0,-0.01
2020-03-27,Hong-Kong,4,0,0,,52.0,
2020-03-27,Hongrie,10,0,0,,12.0,-0.08
2020-03-27,Inde,20,0,8,-1.0,16.0,-0.83
2020-03-27,"Indonésie",78,9,20,-0.55,16.0,1.32
2020-03-27,Iraq,36,4,7,-0.43,23.0,0.15
2020-03-27,Irlande,19,3,10,-0.7,16.0,0.96
2020-03-27,Islande,2,0,0,,12.0,-1.33
2020-03-27,"Israël",8,4,3,0.33,6.0,-0.04
2020-03-27,Italie,8215,919,712,0.29,35.0,0.07
2020-03-27,Japon,47,2,2,0.0,43.0,0.6
2020-03-27,Liban,6,2,0,,17.0,-1.0
2020-03-27,Lituanie,4,1,0,,6.0,-0.33
2020-03-27,Luxembourg,9,6,1,5.0,13.0,2.0
2020-03-27,"Macédoine",3,0,0,,5.0,-0.67
2020-03-27,Malaisie,23,3,3,0.0,10.0,0.7
2020-03-27,Maroc,11,12,5,1.4,17.0,0.68
2020-03-27,Maurice,2,0,0,,6.0,-0.5
2020-03-27,Mexique,6,2,1,1.0,8.0,0.0
2020-03-27,"Norvège",14,5,0,,13.0,-0.44
2020-03-27,Pakistan,9,2,1,1.0,8.0,0.08
2020-03-27,Paraguay,3,0,0,,6.0,-0.67
2020-03-27,Pays-Bas,435,112,78,0.44,21.0,0.25
2020-03-27,Philippines,45,9,7,0.29,54.0,0.96
2020-03-27,Pologne,16,0,2,-1.0,15.0,0.0
2020-03-27,Portugal,60,16,17,-0.06,10.0,0.66
2020-03-27,"Pérou",9,2,0,,7.0,-0.58
2020-03-27,Roumanie,23,3,6,-0.5,5.0,0.07
2020-03-27,Royaume-Uni,580,181,114,0.59,22.0,0.39
2020-03-27,"Rép. Dém. du Congo",3,0,1,-1.0,6.0,-1.0
2020-03-27,"République Dominicaine",10,10,0,,10.0,-0.56
2020-03-27,"République Tchèque",9,0,3,-1.0,5.0,-0.38
2020-03-27,Saint-Marin,21,0,0,,24.0,-0.33
2020-03-27,Singapour,2,0,0,,6.0,-1.0
2020-03-27,"Slovénie",6,3,1,2.0,13.0,0.4
2020-03-27,Suisse,191,40,38,0.05,22.0,2.08
2020-03-27,"Suède",77,28,15,0.87,16.0,0.8
2020-03-27,"Taïwan",2,0,0,,40.0,-1.0
2020-03-27,"Thaïlande",4,1,0,,26.0,-1.0
2020-03-27,Tunisie,6,0,1,-1.0,8.0,-0.5
2020-03-27,Turquie,75,17,16,0.06,10.0,1.12
2020-03-27,Ukraine,5,0,0,,14.0,-1.0
2020-03-27,"Égypte",24,6,3,1.0,19.0,0.49
2020-03-27,"Émirats Arabes Unis",2,0,0,,7.0,-1.0
2020-03-27,"Équateur",34,2,6,-0.67,13.0,0.97
2020-03-27,"États-Unis",1209,372,267,0.39,27.0,0.38
2020-03-28,Afghanistan,4,0,0,,6.0,-0.33
2020-03-28,Albanie,8,2,2,0.0,17.0,-0.13
2020-03-28,"Algérie",26,3,1,2.0,16.0,0.13
2020-03-28,Allemagne,342,91,75,0.21,19.0,0.4
2020-03-28,Andorre,3,0,0,,6.0,-1.0
2020-03-28,"Arabie Saoudite",3,1,0,,4.0,-0.33
2020-03-28,Argentine,13,5,4,0.25,20.0,0.35
2020-03-28,Australie,13,1,0,,27.0,-1.0
2020-03-28,Autres,10,0,0,,37.0,-1.0
2020-03-28,Autriche,58,10,9,0.11,16.0,1.49
2020-03-28,"Azerbaïdjan",3,1,0,,15.0,-0.5
2020-03-28,"Bahreïn",4,0,0,,12.0,-0.67
2020-03-28,Bangladesh,5,0,0,,10.0,-0.5
2020-03-28,Belgique,289,64,69,-0.07,17.0,0.35
2020-03-28,"Bosnie-Herzégovine",4,1,1,0.0,7.0,-0.67
2020-03-28,"Brésil",92,19,15,0.27,11.0,0.33
2020-03-28,Bulgarie,3,4,0,,17.0,
2020-03-28,"Burkina Faso",9,2,2,0.0,10.0,-0.08
2020-03-28,Cameroun,2,0,1,-1.0,3.0,-1.0
2020-03-28,Canada,54,7,16,-0.56,19.0,0.57
2020-03-28,Chili,5,1,1,0.0,6.0,-0.2
2020-03-28,Chypre,5,0,2,-1.0,6.0,-1.0
2020-03-28,Colombie,6,0,0,,6.0,-0.38
2020-03-28,"Corée du Sud",139,5,8,-0.38,37.0,0.25
2020-03-28,"Costa Rica",2,0,0,,9.0,-1.0
2020-03-28,Croatie,3,2,0,,9.0,-1.0
2020-03-28,Cuba,2,1,0,,10.0,-1.0
2020-03-28,Danemark,52,13,11,0.18,14.0,0.21
2020-03-28,Espagne,5138,844,773,0.09,25.0,0.17
2020-03-28,Finlande,7,2,2,0.0,7.0,-0.25
2020-03-28,France,1995,319,299,0.07,42.0,0.2
2020-03-28,"Fédération de Russie",4,0,1,-1.0,9.0,-1.0
2020-03-28,Ghana,4,1,0,,7.0,-1.0
2020-03-28,"Grèce",28,4,2,1.0,17.0,0.14
2020-03-28,Hong-Kong,4,0,0,,53.0,
2020-03-28,Hongrie,10,1,0,,13.0,0.0
2020-03-28,Inde,20,4,0,,17.0,-0.6
2020-03-28,"Indonésie",87,15,9,0.67,17.0,1.44
2020-03-28,Iraq,40,2,4,-0.5,24.0,0.23
2020-03-28,Irlande,22,14,3,3.67,17.0,1.41
2020-03-28,Islande,2,0,0,,13.0,-1.0
2020-03-28,"Israël",12,0,4,-1.0,7.0,-0.23
2020-03-28,Italie,9134,889,919,-0.03,36.0,0.03
2020-03-28,Japon,49,3,2,0.5,44.0,0.74
2020-03-28,Liban,8,0,2,-1.0,18.0,-1.0
2020-03-28,Lituanie,5,2,1,1.0,7.0,0.0
2020-03-28,Luxembourg,15,3,6,-0.5,14.0,1.17
2020-03-28,"Macédoine",3,1,0,,6.0,-0.67
2020-03-28,Malaisie,26,1,3,-0.67,11.0,0.61
2020-03-28,Maroc,23,2,12,-0.83,18.0,0.71
2020-03-28,Maurice,2,0,0,,7.0,-0.5
2020-03-28,Mexique,8,4,2,1.0,9.0,0.17
2020-03-28,Moldavie,2,0,1,-1.0,10.0,-1.0
2020-03-28,"Norvège",19,4,5,-0.2,14.0,-0.38
2020-03-28,Pakistan,11,1,2,-0.5,9.0,0.17
2020-03-28,Paraguay,3,0,0,,7.0,-0.67
2020-03-28,Pays-Bas,547,93,112,-0.17,22.0,0.23
2020-03-28,Philippines,54,14,9,0.56,55.0,1.04
2020-03-28,Pologne,16,2,0,,16.0,0.0
2020-03-28,Portugal,76,24,16,0.5,11.0,0.58
2020-03-28,"Pérou",11,5,2,1.5,8.0,-0.13
2020-03-28,Roumanie,26,11,3,2.67,6.0,0.5
2020-03-28,Royaume-Uni,761,260,181,0.44,23.0,0.39
2020-03-28,"Rép. Dém. du Congo",3,3,0,,7.0,-1.0
2020-03-28,"République Dominicaine",20,8,10,-0.2,11.0,-0.47
2020-03-28,"République Tchèque",9,2,0,,6.0,-0.38
2020-03-28,Saint-Marin,21,1,0,,25.0,-1.0
2020-03-28,Singapour,2,0,0,,7.0,-1.0
2020-03-28,"Slovénie",9,0,3,-1.0,14.0,0.17
2020-03-28,Suisse,231,33,40,-0.18,23.0,1.96
2020-03-28,"Suède",105,0,28,-1.0,17.0,0.69
2020-03-28,"Taïwan",2,0,0,,41.0,
2020-03-28,"Thaïlande",5,1,1,0.0,27.0,-0.5
2020-03-28,"Trinité-et-Tobago",2,1,1,0.0,3.0,-0.5
2020-03-28,Tunisie,6,2,0,,9.0,-0.5
2020-03-28,Turquie,92,16,17,-0.06,11.0,0.54
2020-03-28,Ukraine,5,4,0,,15.0,-1.0
2020-03-28,"Égypte",30,6,6,0.0,20.0,0.49
2020-03-28,"Émirats Arabes Unis",2,0,0,,8.0,
2020-03-28,"Équateur",36,12,2,5.0,14.0,1.68
2020-03-28,"États-Unis",1581,445,372,0.2,28.0,0.35
2020-03-29,Afghanistan,4,0,0,,7.0,-0.33
2020-03-29,Albanie,10,0,2,-1.0,18.0,-0.3
2020-03-29,"Algérie",29,2,3,-0.33,17.0,0.15
2020-03-29,Allemagne,433,100,91,0.1,20.0,0.47
2020-03-29,Andorre,3,3,0,,7.0,-1.0
2020-03-29,"Arabie Saoudite",4,4,1,3.0,5.0,0.5
2020-03-29,Argentine,18,1,5,-0.8,21.0,0.39
2020-03-29,Australie,14,2,1,1.0,28.0,-0.33
2020-03-29,Autres,10,0,0,,38.0,
2020-03-29,Autriche,68,18,10,0.8,17.0,1.17
2020-03-29,"Azerbaïdjan",4,0,1,-1.0,16.0,-0.67
2020-03-29,"Bahreïn",4,0,0,,13.0,-0.67
2020-03-29,Bangladesh,5,0,0,,11.0,-0.33
2020-03-29,Belgique,353,78,64,0.22,18.0,0.49
2020-03-29,"Bosnie-Herzégovine",5,1,1,0.0,8.0,-0.33
2020-03-29,"Brésil",111,25,19,0.32,12.0,0.16
2020-03-29,Bulgarie,7,1,4,-0.75,18.0,-0.75
2020-03-29,"Burkina Faso",11,1,2,-0.5,11.0,-0.46
2020-03-29,Cameroun,2,4,0,,4.0,-1.0
2020-03-29,Canada,61,3,7,-0.57,20.0,0.59
2020-03-29,Chili,6,1,1,0.0,7.0,-0.17
2020-03-29,Chypre,5,0,0,,7.0,-1.0
2020-03-29,Colombie,6,4,0,,7.0,-0.38
2020-03-29,"Corée du Sud",144,8,5,0.6,38.0,0.44
2020-03-29,"Costa Rica",2,0,0,,10.0,
2020-03-29,Croatie,5,1,2,-0.5,10.0,-0.75
2020-03-29,Cuba,3,0,1,-1.0,11.0,-1.0
2020-03-29,Danemark,65,7,13,-0.46,15.0,0.29
2020-03-29,Espagne,5982,821,844,-0.03,26.0,0.15
2020-03-29,Finlande,9,2,2,0.0,8.0,0.0
2020-03-29,France,2314,292,319,-0.08,43.0,0.19
2020-03-29,"Fédération de Russie",4,4,0,,10.0,-1.0
2020-03-29,Ghana,5,0,1,-1.0,8.0,-1.0
2020-03-29,"Grèce",32,6,4,0.5,18.0,0.31
2020-03-29,Guadeloupe,2,2,1,1.0,7.0,0.0
2020-03-29,Hong-Kong,4,0,0,,54.0,
2020-03-29,Hongrie,11,2,1,1.0,14.0,0.0
2020-03-29,Inde,24,3,4,-0.25,18.0,0.15
2020-03-29,"Indonésie",102,12,15,-0.2,18.0,1.31
2020-03-29,Iraq,42,0,2,-1.0,25.0,0.06
2020-03-29,Irlande,36,10,14,-0.29,18.0,1.17
2020-03-29,Islande,2,0,0,,14.0,-1.0
2020-03-29,"Israël",12,3,0,,8.0,-0.04
2020-03-29,Italie,10023,756,889,-0.15,37.0,0.03
2020-03-29,Japon,52,2,3,-0.33,45.0,0.76
2020-03-29,Liban,8,2,0,,19.0,-1.0
2020-03-29,Lituanie,7,0,2,-1.0,8.0,0.0
2020-03-29,Luxembourg,18,3,3,0.0,15.0,1.5
2020-03-29,"Macédoine",4,2,1,1.0,7.0,-0.25
2020-03-29,Malaisie,27,8,1,7.0,12.0,0.89
2020-03-29,Maroc,25,1,2,-0.5,19.0,0.51
2020-03-29,Maurice,2,1,0,,8.0,-1.0
2020-03-29,Mexique,12,4,4,0.0,10.0,0.33
2020-03-29,Moldavie,2,0,0,,11.0,-1.0
2020-03-29,"Norvège",23,2,4,-0.5,15.0,-0.41
2020-03-29,"Ouzbékistan",2,0,1,-1.0,2.0,-0.5
2020-03-29,Pakistan,12,2,1,1.0,10.0,0.29
2020-03-29,Paraguay,3,0,0,,8.0,-0.5
2020-03-29,Pays-Bas,640,132,93,0.42,23.0,0.22
2020-03-29,Philippines,68,3,14,-0.79,56.0,0.21
2020-03-29,Pologne,18,4,2,1.0,17.0,0.17
2020-03-29,Portugal,100,19,24,-0.21,12.0,0.65
2020-03-29,"Pérou",16,2,5,-0.6,9.0,-0.03
2020-03-29,Roumanie,37,6,11,-0.45,7.0,0.36
2020-03-29,Royaume-Uni,1021,210,260,-0.19,24.0,0.39
2020-03-29,"Rép. Dém. du Congo",6,0,3,-1.0,8.0,-1.0
2020-03-29,"République Dominicaine",28,11,8,0.38,12.0,-0.3
2020-03-29,"République Tchèque",11,5,2,1.5,7.0,0.0
2020-03-29,Saint-Marin,22,0,1,-1.0,26.0,-1.0
2020-03-29,Serbie,10,3,9,-0.67,9.0,-1.33
2020-03-29,Singapour,2,1,0,,8.0,
2020-03-29,"Slovénie",9,2,0,,15.0,0.17
2020-03-29,Suisse,264,36,33,0.09,24.0,1.96
2020-03-29,"Suède",105,5,0,,18.0,0.93
2020-03-29,"Taïwan",2,0,0,,42.0,
2020-03-29,"Thaïlande",6,1,1,0.0,28.0,-0.33
2020-03-29,"Trinité-et-Tobago",3,0,1,-1.0,4.0,-0.67
2020-03-29,Tunisie,8,0,2,-1.0,10.0,-0.6
2020-03-29,Turquie,108,23,16,0.44,12.0,0.14
2020-03-29,Ukraine,9,1,4,-0.75,16.0,-0.88
2020-03-29,Venezuela,2,0,1,-1.0,2.0,-0.5
2020-03-29,"Égypte",36,4,6,-0.33,21.0,0.3
2020-03-29,"Émirats Arabes Unis",2,1,0,,9.0,
2020-03-29,"Équateur",48,10,12,-0.17,15.0,1.3
2020-03-29,"États-Unis",2026,441,445,-0.01,29.0,0.22
2020-03-30,Afghanistan,4,0,0,,8.0,0.0
2020-03-30,"Afrique du Sud",2,1,1,0.0,3.0,-0.5
2020-03-30,Albanie,10,1,0,,19.0,-0.3
2020-03-30,"Algérie",31,4,2,1.0,18.0,0.49
2020-03-30,Allemagne,533,112,100,0.12,21.0,0.22
2020-03-30,Andorre,6,2,3,-0.33,8.0,-0.67
2020-03-30,Angola,2,0,2,-1.0,1.0,-1.0
2020-03-30,"Arabie Saoudite",8,0,4,-1.0,6.0,0.2
2020-03-30,Argentine,19,4,1,3.0,22.0,0.83
2020-03-30,"Arménie",3,0,2,-1.0,4.0,-1.0
2020-03-30,Australie,16,1,2,-0.5,29.0,-0.38
2020-03-30,Autres,10,0,0,,39.0,
2020-03-30,Autriche,86,22,18,0.22,18.0,1.26
2020-03-30,"Azerbaïdjan",4,0,0,,17.0,-0.67
2020-03-30,"Bahreïn",4,0,0,,14.0,-0.5
2020-03-30,Bangladesh,5,0,0,,12.0,-0.33
2020-03-30,Belgique,431,82,78,0.05,19.0,0.41
2020-03-30,"Bosnie-Herzégovine",6,4,1,3.0,9.0,0.5
2020-03-30,"Brésil",136,23,25,-0.08,13.0,0.16
2020-03-30,Bulgarie,8,0,1,-1.0,19.0,-0.88
2020-03-30,"Burkina Faso",12,0,1,-1.0,12.0,-0.46
2020-03-30,Cameroun,6,0,4,-1.0,5.0,-1.0
2020-03-30,Canada,64,16,3,4.33,21.0,1.06
2020-03-30,Chili,7,1,1,0.0,8.0,-0.17
2020-03-30,Chypre,5,2,0,,8.0,-1.0
2020-03-30,Colombie,10,2,4,-0.5,8.0,-0.38
2020-03-30,"Corée du Sud",152,6,8,-0.25,39.0,0.05
2020-03-30,"Costa Rica",2,0,0,,11.0,
2020-03-30,Croatie,6,0,1,-1.0,11.0,-0.83
2020-03-30,Cuba,3,1,0,,12.0,-1.0
2020-03-30,Danemark,72,5,7,-0.29,16.0,0.21
2020-03-30,Espagne,6803,913,821,0.11,27.0,0.1
2020-03-30,Estonie,3,0,2,-1.0,5.0,-1.0
2020-03-30,Finlande,11,2,2,0.0,9.0,0.0
2020-03-30,France,2606,418,292,0.43,44.0,0.15
2020-03-30,"Fédération de Russie",8,1,4,-0.75,11.0,-0.92
2020-03-30,Ghana,5,0,0,,9.0,-1.0
2020-03-30,"Grèce",38,5,6,-0.17,19.0,0.29
2020-03-30,Guadeloupe,4,0,2,-1.0,8.0,0.0
2020-03-30,Honduras,3,4,2,1.0,4.0,0.0
2020-03-30,Hong-Kong,4,0,0,,55.0,
2020-03-30,Hongrie,13,2,2,0.0,15.0,0.1
2020-03-30,Inde,27,5,3,0.67,19.0,0.28
2020-03-30,"Indonésie",114,8,12,-0.33,19.0,1.39
2020-03-30,Iraq,42,4,0,,26.0,0.07
2020-03-30,Irlande,46,8,10,-0.2,19.0,1.0
2020-03-30,Islande,2,0,0,,15.0,-1.0
2020-03-30,"Israël",15,1,3,-0.67,9.0,-0.17
2020-03-30,Italie,10779,812,756,0.07,38.0,0.05
2020-03-30,Japon,54,0,2,-1.0,46.0,-0.1
2020-03-30,Jordanie,3,2,2,0.0,3.0,-0.5
2020-03-30,Liban,10,1,2,-0.5,20.0,-0.83
2020-03-30,Lituanie,7,0,0,,9.0,0.0
2020-03-30,Luxembourg,21,1,3,-0.67,16.0,0.96
2020-03-30,"Macédoine",6,1,2,-0.5,8.0,-0.38
2020-03-30,Malaisie,35,2,8,-0.75,13.0,0.83
2020-03-30,Maroc,26,7,1,6.0,20.0,1.68
2020-03-30,Maurice,3,0,1,-1.0,9.0,-1.0
2020-03-30,Mexique,16,4,4,0.0,11.0,0.29
2020-03-30,Moldavie,2,0,0,,12.0,-1.0
2020-03-30,"Norvège",25,7,2,2.5,16.0,0.08
2020-03-30,"Ouzbékistan",2,0,0,,3.0,-0.5
2020-03-30,Pakistan,14,7,2,2.5,11.0,0.5
2020-03-30,Paraguay,3,0,0,,9.0,-0.5
2020-03-30,Pays-Bas,772,93,132,-0.3,24.0,0.21
2020-03-30,Philippines,71,7,3,1.33,57.0,0.35
2020-03-30,Pologne,22,9,4,1.25,18.0,0.46
2020-03-30,Portugal,119,21,19,0.11,13.0,0.16
2020-03-30,"Pérou",18,6,2,2.0,10.0,0.38
2020-03-30,Roumanie,43,22,6,2.67,8.0,0.7
2020-03-30,Royaume-Uni,1231,180,210,-0.14,25.0,0.35
2020-03-30,"Rép. Dém. du Congo",6,2,0,,9.0,-1.0
2020-03-30,"République Dominicaine",39,3,11,-0.73,13.0,-0.24
2020-03-30,"République Tchèque",16,7,5,0.4,8.0,0.28
2020-03-30,Saint-Marin,22,3,0,,27.0,-1.0
2020-03-30,Serbie,13,3,3,0.0,10.0,-1.33
2020-03-30,Singapour,3,0,1,-1.0,9.0,-1.0
2020-03-30,"Slovénie",11,0,2,-1.0,16.0,0.0
2020-03-30,Suisse,300,59,36,0.64,25.0,2.06
2020-03-30,"Suède",110,36,5,6.2,19.0,1.46
2020-03-30,"Taïwan",2,3,0,,43.0,
2020-03-30,"Thaïlande",7,2,1,1.0,29.0,0.0
2020-03-30,"Trinité-et-Tobago",3,0,0,,5.0,-0.67
2020-03-30,Tunisie,8,0,0,,11.0,-0.5
2020-03-30,Turquie,131,37,23,0.61,13.0,0.32
2020-03-30,Ukraine,10,3,1,2.0,17.0,0.08
2020-03-30,Venezuela,2,1,0,,3.0,-0.5
2020-03-30,"Égypte",40,1,4,-0.75,22.0,0.16
2020-03-30,"Émirats Arabes Unis",3,2,1,1.0,10.0,1.0
2020-03-30,"Équateur",58,2,10,-0.8,16.0,1.25
2020-03-30,"États-Unis",2467,511,441,0.16,30.0,0.23
2020-03-31,Afghanistan,4,0,0,,9.0,0.0
2020-03-31,"Afrique du Sud",3,2,1,1.0,4.0,0.0
2020-03-31,Albanie,11,4,1,3.0,20.0,0.4
2020-03-31,"Algérie",35,9,4,1.25,19.0,0.6
2020-03-31,Allemagne,645,130,112,0.16,22.0,0.22
2020-03-31,Andorre,8,4,2,1.0,9.0,-0.11
2020-03-31,Angola,2,0,0,,2.0,-1.0
2020-03-31,"Arabie Saoudite",8,2,0,,7.0,0.2
2020-03-31,Argentine,23,4,4,0.0,23.0,0.71
2020-03-31,"Arménie",3,0,0,,5.0,-1.0
2020-03-31,Australie,17,1,1,0.0,30.0,-0.3
2020-03-31,Autres,10,0,0,,40.0,
2020-03-31,Autriche,108,20,22,-0.09,19.0,1.19
2020-03-31,"Azerbaïdjan",4,1,0,,18.0,-0.67
2020-03-31,"Bahreïn",4,0,0,,15.0,-0.5
2020-03-31,Bangladesh,5,0,0,,13.0,-0.5
2020-03-31,Belgique,513,192,82,1.34,20.0,0.37
2020-03-31,Bolivie,4,2,3,-0.33,2.0,0.83
2020-03-31,"Bosnie-Herzégovine",10,3,4,-0.25,10.0,0.35
2020-03-31,"Brésil",159,42,23,0.83,14.0,0.23
2020-03-31,Bulgarie,8,0,0,,20.0,-0.88
2020-03-31,"Burkina Faso",12,2,0,,13.0,-0.46
2020-03-31,Cameroun,6,0,0,,6.0,-1.0
2020-03-31,Canada,80,21,16,0.31,22.0,1.22
2020-03-31,Chili,8,4,1,3.0,9.0,0.5
2020-03-31,Chypre,7,1,2,-0.5,9.0,-0.83
2020-03-31,Colombie,12,4,2,1.0,9.0,0.13
2020-03-31,"Corée du Sud",158,4,6,-0.33,40.0,-0.04
2020-03-31,"Costa Rica",2,0,0,,12.0,
2020-03-31,Croatie,6,0,0,,12.0,-0.83
2020-03-31,Cuba,4,2,1,1.0,13.0,-0.33
2020-03-31,Danemark,77,13,5,1.6,17.0,0.48
2020-03-31,Espagne,7716,748,913,-0.18,28.0,0.09
2020-03-31,Estonie,3,1,0,,6.0,-1.0
2020-03-31,Finlande,13,4,2,1.0,10.0,0.17
2020-03-31,France,3024,499,418,0.19,45.0,0.14
2020-03-31,"Fédération de Russie",9,8,1,7.0,12.0,1.06
2020-03-31,Ghana,5,0,0,,10.0,-1.0
2020-03-31,"Grèce",43,6,5,0.2,20.0,0.24
2020-03-31,Guadeloupe,4,0,0,,9.0,0.0
2020-03-31,Honduras,7,0,4,-1.0,5.0,-0.33
2020-03-31,Hong-Kong,4,0,0,,56.0,
2020-03-31,Hongrie,15,1,2,-0.5,16.0,-0.2
2020-03-31,Inde,32,3,5,-0.4,20.0,0.4
2020-03-31,"Indonésie",122,14,8,0.75,20.0,0.79
2020-03-31,Iraq,46,4,4,0.0,27.0,0.01
2020-03-31,Irlande,54,17,8,1.13,20.0,1.23
2020-03-31,Islande,2,0,0,,16.0,-1.0
2020-03-31,"Israël",16,4,1,3.0,10.0,0.36
2020-03-31,Italie,11591,837,812,0.03,39.0,0.03
2020-03-31,Japon,54,2,0,,47.0,0.03
2020-03-31,Jordanie,5,0,2,-1.0,4.0,-0.67
2020-03-31,Liban,11,1,1,0.0,21.0,-0.63
2020-03-31,Lituanie,7,1,0,,10.0,0.0
2020-03-31,Luxembourg,22,1,1,0.0,17.0,0.77
2020-03-31,"Macédoine",7,2,1,1.0,9.0,0.13
2020-03-31,Malaisie,37,6,2,2.0,14.0,1.19
2020-03-31,Mali,2,0,1,-1.0,2.0,-0.5
2020-03-31,Maroc,33,3,7,-0.57,21.0,1.36
2020-03-31,Maurice,3,2,0,,10.0,-1.0
2020-03-31,Mexique,20,8,4,1.0,12.0,0.43
2020-03-31,Moldavie,2,2,0,,13.0,-1.0
2020-03-31,Niger,3,0,2,-1.0,6.0,-1.0
2020-03-31,"Nigéria",2,0,1,-1.0,8.0,-1.0
2020-03-31,"Norvège",32,7,7,0.0,17.0,0.13
2020-03-31,"Ouzbékistan",2,0,0,,4.0,-0.5
2020-03-31,Pakistan,21,5,7,-0.29,12.0,0.53
2020-03-31,Paraguay,3,0,0,,10.0,-0.5
2020-03-31,Pays-Bas,865,175,93,0.88,25.0,0.22
2020-03-31,Philippines,78,10,7,0.43,58.0,0.52
2020-03-31,Pologne,31,2,9,-0.78,19.0,0.16
2020-03-31,Portugal,140,20,21,-0.05,14.0,0.14
2020-03-31,"Pérou",24,6,6,0.0,11.0,0.32
2020-03-31,Roumanie,65,17,22,-0.23,9.0,0.66
2020-03-31,Royaume-Uni,1411,382,180,1.12,26.0,0.42
2020-03-31,"Rép. Dém. du Congo",8,0,2,-1.0,10.0,-1.0
2020-03-31,"République Dominicaine",42,9,3,2.0,14.0,0.13
2020-03-31,"République Tchèque",23,8,7,0.14,9.0,0.26
2020-03-31,Saint-Marin,25,1,3,-0.67,28.0,-0.89
2020-03-31,Serbie,16,0,3,-1.0,11.0,-1.33
2020-03-31,Singapour,3,0,0,,10.0,-1.0
2020-03-31,"Slovénie",11,4,0,,17.0,0.0
2020-03-31,"Sri Lanka",2,0,1,-1.0,3.0,-1.0
2020-03-31,Suisse,359,74,59,0.25,26.0,2.23
2020-03-31,"Suède",146,34,36,-0.06,20.0,1.16
2020-03-31,Syrie,2,0,1,-1.0,2.0,-0.5
2020-03-31,"Taïwan",5,0,3,-1.0,44.0,-1.0
2020-03-31,"Thaïlande",9,1,2,-0.5,30.0,-0.1
2020-03-31,"Trinité-et-Tobago",3,0,0,,6.0,-0.67
2020-03-31,Tunisie,8,2,0,,12.0,-0.5
2020-03-31,Turquie,168,46,37,0.24,14.0,0.36
2020-03-31,Ukraine,13,4,3,0.33,18.0,0.15
2020-03-31,Venezuela,3,0,1,-1.0,4.0,-0.67
2020-03-31,"Égypte",41,5,1,4.0,23.0,0.85
2020-03-31,"Émirats Arabes Unis",5,1,2,-0.5,11.0,0.25
2020-03-31,"Équateur",60,15,2,6.5,17.0,2.0
2020-03-31,"États-Unis",2978,895,511,0.75,31.0,0.31
2020-04-01,Afghanistan,4,0,0,,10.0,0.0
2020-04-01,"Afrique du Sud",5,0,2,-1.0,5.0,-0.25
2020-04-01,Albanie,15,0,4,-1.0,21.0,0.4
2020-04-01,"Algérie",44,14,9,0.56,20.0,0.67
2020-04-01,Allemagne,775,145,130,0.12,23.0,0.17
2020-04-01,Andorre,12,2,4,-0.5,10.0,-0.21
2020-04-01,Angola,2,0,0,,3.0,-1.0
2020-04-01,"Arabie Saoudite",10,6,2,2.0,8.0,0.6
2020-04-01,Argentine,27,1,4,-0.75,24.0,0.6
2020-04-01,"Arménie",3,1,0,,6.0,-1.0
2020-04-01,Australie,18,2,1,1.0,31.0,0.1
2020-04-01,Autres,10,3,0,,41.0,
2020-04-01,Autriche,128,18,20,-0.1,20.0,1.27
2020-04-01,"Azerbaïdjan",5,0,1,-1.0,19.0,-0.75
2020-04-01,"Bahreïn",4,0,0,,16.0,-1.0
2020-04-01,Bangladesh,5,1,0,,14.0,-1.0
2020-04-01,Belgique,705,123,192,-0.36,21.0,0.22
2020-04-01,Bolivie,6,1,2,-0.5,3.0,0.39
2020-04-01,"Bosnie-Herzégovine",13,0,3,-1.0,11.0,0.35
2020-04-01,"Brésil",201,39,42,-0.07,15.0,0.21
2020-04-01,Bulgarie,8,2,0,,21.0,-0.88
2020-04-01,"Burkina Faso",14,2,2,0.0,14.0,-0.37
2020-04-01,Cameroun,6,0,0,,7.0,-1.0
2020-04-01,Canada,101,8,21,-0.62,23.0,0.7
2020-04-01,Chili,12,4,4,0.0,10.0,0.43
2020-04-01,Chypre,8,1,1,0.0,10.0,-0.5
2020-04-01,Colombie,16,1,4,-0.75,10.0,-0.05
2020-04-01,"Corée du Sud",162,3,4,-0.25,41.0,-0.03
2020-04-01,"Costa Rica",2,0,0,,13.0,
2020-04-01,Croatie,6,0,0,,13.0,-0.83
2020-04-01,Cuba,6,0,2,-1.0,14.0,-0.5
2020-04-01,Danemark,90,14,13,0.08,18.0,0.6
2020-04-01,Espagne,8464,923,748,0.23,29.0,0.02
2020-04-01,Estonie,4,1,1,0.0,7.0,-0.67
2020-04-01,Finlande,17,0,4,-1.0,11.0,0.0
2020-04-01,France,3523,509,499,0.02,46.0,0.15
2020-04-01,"Fédération de Russie",17,7,8,-0.13,13.0,0.83
2020-04-01,Ghana,5,0,0,,11.0,-1.0
2020-04-01,"Grèce",49,1,6,-0.83,21.0,0.17
2020-04-01,Guadeloupe,4,2,0,,10.0,0.0
2020-04-01,Honduras,7,3,0,,6.0,-0.33
2020-04-01,Hong-Kong,4,0,0,,57.0,
2020-04-01,Hongrie,16,4,1,3.0,17.0,0.5
2020-04-01,Inde,35,23,3,6.67,21.0,1.45
2020-04-01,"Indonésie",136,21,14,0.5,21.0,0.93
2020-04-01,Iraq,50,2,4,-0.5,28.0,0.01
2020-04-01,Irlande,71,14,17,-0.18,21.0,1.06
2020-04-01,Islande,2,0,0,,17.0,
2020-04-01,"Israël",20,6,4,0.5,11.0,0.44
2020-04-01,Italie,12428,727,837,-0.13,40.0,0.02
2020-04-01,Japon,56,1,2,-0.5,48.0,-0.22
2020-04-01,Jordanie,5,0,0,,5.0,-0.67
2020-04-01,Kazakhstan,2,1,1,0.0,6.0,-0.5
2020-04-01,Liban,12,2,1,1.0,22.0,-0.3
2020-04-01,Lituanie,8,0,1,-1.0,11.0,-0.5
2020-04-01,Luxembourg,23,6,1,5.0,18.0,1.47
2020-04-01,"Macédoine",9,2,2,0.0,10.0,0.1
2020-04-01,Malaisie,43,2,6,-0.67,15.0,0.95
2020-04-01,Mali,2,1,0,,3.0,-0.5
2020-04-01,Maroc,36,3,3,0.0,22.0,1.36
2020-04-01,Martinique,3,0,2,-1.0,16.0,-1.0
2020-04-01,Maurice,5,1,2,-0.5,11.0,-0.75
2020-04-01,Mexique,28,1,8,-0.88,13.0,0.3
2020-04-01,Moldavie,4,1,2,-0.5,14.0,-0.75
2020-04-01,Montenegro,2,0,1,-1.0,9.0,-1.0
2020-04-01,Niger,3,2,0,,7.0,-1.0
2020-04-01,"Nigéria",2,0,0,,9.0,-1.0
2020-04-01,"Norvège",39,5,7,-0.29,18.0,0.09
2020-04-01,"Ouzbékistan",2,0,0,,5.0,-0.5
2020-04-01,Pakistan,26,1,5,-0.8,13.0,0.42
2020-04-01,Paraguay,3,0,0,,11.0,-1.0
2020-04-01,Pays-Bas,1040,135,175,-0.23,26.0,0.15
2020-04-01,Philippines,88,8,10,-0.2,59.0,0.42
2020-04-01,Pologne,33,10,2,4.0,20.0,0.66
2020-04-01,Portugal,160,27,20,0.35,15.0,0.19
2020-04-01,"Pérou",30,8,6,0.33,12.0,0.37
2020-04-01,Qatar,2,0,1,-1.0,4.0,-1.0
2020-04-01,Roumanie,82,10,17,-0.41,10.0,0.53
2020-04-01,Royaume-Uni,1793,564,382,0.48,27.0,0.56
2020-04-01,"Rép. Dém. du Congo",8,1,0,,11.0,-1.0
2020-04-01,"République Dominicaine",51,6,9,-0.33,15.0,0.02
2020-04-01,"République Tchèque",31,8,8,0.0,10.0,0.17
2020-04-01,Saint-Marin,26,0,1,-1.0,29.0,-0.89
2020-04-01,Serbie,16,12,0,,12.0,-1.33
2020-04-01,Singapour,3,0,0,,11.0,-1.0
2020-04-01,"Slovénie",15,0,4,-1.0,18.0,-0.2
2020-04-01,"Sri Lanka",2,1,0,,4.0,-1.0
2020-04-01,Suisse,433,55,74,-0.26,27.0,0.12
2020-04-01,"Suède",180,59,34,0.74,21.0,1.05
2020-04-01,Syrie,2,0,0,,3.0,-0.5
2020-04-01,"Taïwan",5,0,0,,45.0,-1.0
2020-04-01,"Thaïlande",10,2,1,1.0,31.0,0.3
2020-04-01,"Trinité-et-Tobago",3,2,0,,7.0,-0.67
2020-04-01,Tunisie,10,2,2,0.0,13.0,-0.5
2020-04-01,Turquie,214,63,46,0.37,15.0,0.25
2020-04-01,Ukraine,17,3,4,-0.25,19.0,0.07
2020-04-01,Venezuela,3,0,0,,5.0,-0.67
2020-04-01,"Égypte",46,6,5,0.2,24.0,0.87
2020-04-01,"Émirats Arabes Unis",6,2,1,1.0,12.0,0.5
2020-04-01,"Équateur",75,18,15,0.2,18.0,2.15
2020-04-01,"États-Unis",3873,884,895,-0.01,32.0,0.23
2020-04-02,Afghanistan,4,2,0,,11.0,-1.0
2020-04-02,"Afrique du Sud",5,0,0,,6.0,-0.25
2020-04-02,Albanie,15,1,0,,22.0,0.4
2020-04-02,"Algérie",58,28,14,1.0,21.0,0.67
2020-04-02,Allemagne,920,187,145,0.29,24.0,0.18
2020-04-02,Andorre,14,1,2,-0.5,11.0,-0.27
2020-04-02,Angola,2,0,0,,4.0,-1.0
2020-04-02,"Arabie Saoudite",16,5,6,-0.17,9.0,0.57
2020-04-02,Argentine,28,8,1,7.0,25.0,1.67
2020-04-02,"Arménie",4,3,1,2.0,7.0,0.0
2020-04-02,Australie,20,4,2,1.0,32.0,0.25
2020-04-02,Autres,13,0,3,-1.0,42.0,-1.0
2020-04-02,Autriche,146,12,18,-0.33,21.0,0.01
2020-04-02,"Azerbaïdjan",5,0,0,,20.0,-1.0
2020-04-02,"Bahreïn",4,0,0,,17.0,
2020-04-02,Bangladesh,6,0,1,-1.0,15.0,-1.0
2020-04-02,Belgique,828,183,123,0.49,22.0,0.33
2020-04-02,Bolivie,7,1,1,0.0,4.0,0.29
2020-04-02,"Bosnie-Herzégovine",13,3,0,,12.0,0.35
2020-04-02,"Brésil",240,84,39,1.15,16.0,0.32
2020-04-02,Bulgarie,10,0,2,-1.0,22.0,-0.92
2020-04-02,"Burkina Faso",16,0,2,-1.0,15.0,-0.47
2020-04-02,"Bélarus",2,2,1,1.0,2.0,0.5
2020-04-02,Cameroun,6,1,0,,8.0,-1.0
2020-04-02,Canada,109,30,8,2.75,24.0,0.95
2020-04-02,Chili,16,2,4,-0.5,11.0,0.36
2020-04-02,Chypre,9,1,1,0.0,11.0,-0.38
2020-04-02,Colombie,17,2,1,1.0,11.0,-0.05
2020-04-02,"Corée du Sud",165,4,3,0.33,42.0,0.05
2020-04-02,"Costa Rica",2,0,0,,14.0,
2020-04-02,Croatie,6,1,0,,14.0,-0.83
2020-04-02,Cuba,6,0,0,,15.0,-0.5
2020-04-02,Danemark,104,19,14,0.36,19.0,0.29
2020-04-02,Espagne,9387,961,923,0.04,30.0,0.05
2020-04-02,Estonie,5,6,1,5.0,8.0,1.33
2020-04-02,Finlande,17,2,0,,12.0,0.0
2020-04-02,France,4032,1355,509,1.66,47.0,0.3
2020-04-02,"Fédération de Russie",24,6,7,-0.14,14.0,1.0
2020-04-02,Ghana,5,0,0,,12.0,-1.0
2020-04-02,"Grèce",50,3,1,2.0,22.0,0.31
2020-04-02,Guadeloupe,6,0,2,-1.0,11.0,-0.33
2020-04-02,Honduras,10,4,3,0.33,7.0,-0.17
2020-04-02,Hong-Kong,4,0,0,,58.0,
2020-04-02,Hongrie,20,1,4,-0.75,18.0,0.55
2020-04-02,Inde,58,14,23,-0.39,22.0,0.88
2020-04-02,"Indonésie",157,13,21,-0.38,22.0,0.06
2020-04-02,Iraq,52,2,2,0.0,29.0,-0.4
2020-04-02,Irlande,85,13,14,-0.07,22.0,0.48
2020-04-02,Islande,2,2,0,,18.0,
2020-04-02,"Israël",26,10,6,0.67,12.0,0.47
2020-04-02,Italie,13155,760,727,0.05,41.0,0.02
2020-04-02,"Jamaïque",3,0,2,-1.0,14.0,-1.0
2020-04-02,Japon,57,5,1,4.0,49.0,0.44
2020-04-02,Jordanie,5,0,0,,6.0,-0.67
2020-04-02,Kazakhstan,3,0,1,-1.0,7.0,-0.67
2020-04-02,Liban,14,2,2,0.0,23.0,-0.1
2020-04-02,Lituanie,8,1,0,,12.0,-0.33
2020-04-02,Luxembourg,29,1,6,-0.83,19.0,1.14
2020-04-02,"Macédoine",11,0,2,-1.0,11.0,0.1
2020-04-02,Malaisie,45,5,2,1.5,16.0,1.2
2020-04-02,Mali,3,0,1,-1.0,4.0,-0.67
2020-04-02,Maroc,39,5,3,0.67,23.0,0.88
2020-04-02,Martinique,3,0,0,,17.0,-1.0
2020-04-02,Maurice,6,1,1,0.0,12.0,-0.5
2020-04-02,Mexique,29,8,1,7.0,14.0,1.3
2020-04-02,Moldavie,5,1,1,0.0,15.0,-0.5
2020-04-02,Montenegro,2,0,0,,10.0,-1.0
2020-04-02,Niger,5,0,2,-1.0,8.0,-1.0
2020-04-02,"Nigéria",2,0,0,,10.0,-1.0
2020-04-02,"Norvège",44,6,5,0.2,19.0,0.29
2020-04-02,"Ouzbékistan",2,0,0,,6.0,-0.5
2020-04-02,Pakistan,27,7,1,6.0,14.0,1.27
2020-04-02,Paraguay,3,0,0,,12.0,
2020-04-02,Pays-Bas,1175,166,135,0.23,27.0,0.18
2020-04-02,Philippines,96,11,8,0.38,60.0,0.28
2020-04-02,Pologne,43,14,10,0.4,21.0,0.81
2020-04-02,Portugal,187,22,27,-0.19,16.0,0.07
2020-04-02,"Pérou",38,17,8,1.13,13.0,0.73
2020-04-02,Qatar,2,1,0,,5.0,-1.0
2020-04-02,Roumanie,92,23,10,1.3,11.0,0.72
2020-04-02,Royaume-Uni,2357,569,564,0.01,28.0,0.33
2020-04-02,"Rép. Dém. du Congo",9,4,1,3.0,12.0,0.0
2020-04-02,"République Dominicaine",57,3,6,-0.5,16.0,0.1
2020-04-02,"République Tchèque",39,5,8,-0.38,11.0,0.11
2020-04-02,Saint-Marin,26,4,0,,30.0,-0.89
2020-04-02,Serbie,28,3,12,-0.75,13.0,-0.68
2020-04-02,Singapour,3,1,0,,12.0,-1.0
2020-04-02,"Slovénie",15,2,0,,19.0,-0.25
2020-04-02,"Sri Lanka",3,1,1,0.0,5.0,-0.67
2020-04-02,Suisse,488,48,55,-0.13,28.0,0.07
2020-04-02,"Suède",239,69,59,0.17,22.0,1.15
2020-04-02,Syrie,2,0,0,,4.0,-0.5
2020-04-02,"Taïwan",5,0,0,,46.0,-1.0
2020-04-02,"Thaïlande",12,3,2,0.5,32.0,0.33
2020-04-02,Togo,2,0,1,-1.0,6.0,-1.0
2020-04-02,"Trinité-et-Tobago",5,0,2,-1.0,8.0,-0.67
2020-04-02,Tunisie,12,2,2,0.0,14.0,-0.5
2020-04-02,Turquie,277,79,63,0.25,16.0,0.27
2020-04-02,Ukraine,20,2,3,-0.33,20.0,0.2
2020-04-02,Uruguay,2,2,1,1.0,4.0,0.0
2020-04-02,Venezuela,3,2,0,,6.0,-0.67
2020-04-02,"Égypte",52,6,6,0.0,25.0,0.59
2020-04-02,"Émirats Arabes Unis",8,0,2,-1.0,13.0,0.13
2020-04-02,"Équateur",93,27,18,0.5,19.0,1.51
2020-04-02,"États-Unis",4757,1169,884,0.32,33.0,0.26
2020-04-03,Afghanistan,6,0,2,-1.0,12.0,-1.0
2020-04-03,"Afrique du Sud",5,4,0,,7.0,-0.25
2020-04-03,Albanie,16,1,1,0.0,23.0,0.2
2020-04-03,"Algérie",86,19,28,-0.32,22.0,0.74
2020-04-03,Allemagne,1107,168,187,-0.1,25.0,0.13
2020-04-03,Andorre,15,1,1,0.0,12.0,-0.07
2020-04-03,Angola,2,0,0,,5.0,-1.0
2020-04-03,"Arabie Saoudite",21,4,5,-0.2,10.0,0.73
2020-04-03,Argentine,36,3,8,-0.63,26.0,1.15
2020-04-03,"Arménie",7,0,3,-1.0,8.0,0.0
2020-04-03,Australie,24,4,4,0.0,33.0,0.42
2020-04-03,Autres,13,0,0,,43.0,-1.0
2020-04-03,Autriche,158,10,12,-0.17,22.0,0.06
2020-04-03,"Azerbaïdjan",5,0,0,,21.0,-1.0
2020-04-03,"Bahreïn",4,0,0,,18.0,
2020-04-03,Bangladesh,6,0,0,,16.0,-1.0
2020-04-03,Belgique,1011,132,183,-0.28,23.0,0.2
2020-04-03,Bolivie,8,1,1,0.0,5.0,0.23
2020-04-03,"Bosnie-Herzégovine",16,1,3,-0.67,13.0,0.18
2020-04-03,"Brésil",324,35,84,-0.58,17.0,0.26
2020-04-03,Bulgarie,10,4,0,,23.0,-0.92
2020-04-03,"Burkina Faso",16,0,0,,16.0,-0.5
2020-04-03,"Bélarus",4,0,2,-1.0,3.0,0.0
2020-04-03,Cameroun,7,1,1,0.0,9.0,-0.67
2020-04-03,Canada,139,40,30,0.33,25.0,0.85
2020-04-03,Chili,18,4,2,1.0,12.0,0.5
2020-04-03,Chypre,10,1,1,0.0,12.0,-0.3
2020-04-03,Colombie,19,6,2,2.0,12.0,0.55
2020-04-03,"Congo (Brazzaville)",2,0,2,-1.0,1.0,-1.0
2020-04-03,"Corée du Sud",169,5,4,0.25,43.0,0.0
2020-04-03,"Costa Rica",2,0,0,,15.0,
2020-04-03,Croatie,7,1,1,0.0,15.0,-0.5
2020-04-03,Cuba,6,0,0,,16.0,-0.33
2020-04-03,Danemark,123,16,19,-0.16,20.0,0.19
2020-04-03,"El Salvador",2,0,1,-1.0,3.0,-1.0
2020-04-03,Espagne,10348,850,961,-0.12,31.0,0.02
2020-04-03,Estonie,11,1,6,-0.83,9.0,0.79
2020-04-03,Finlande,19,1,2,-0.5,13.0,-0.08
2020-04-03,France,5387,1120,1355,-0.17,48.0,0.3
2020-04-03,"Fédération de Russie",30,4,6,-0.33,15.0,0.77
2020-04-03,Ghana,5,0,0,,13.0,-1.0
2020-04-03,"Grèce",53,10,3,2.33,23.0,0.72
2020-04-03,Guadeloupe,6,1,0,,12.0,-0.33
2020-04-03,Honduras,14,1,4,-0.75,8.0,-0.1
2020-04-03,Hong-Kong,4,0,0,,59.0,
2020-04-03,Hongrie,21,5,1,4.0,19.0,1.13
2020-04-03,Inde,72,0,14,-1.0,23.0,0.88
2020-04-03,"Indonésie",170,11,13,-0.15,23.0,0.12
2020-04-03,Iraq,54,0,2,-1.0,30.0,-0.5
2020-04-03,Irlande,98,22,13,0.69,23.0,0.68
2020-04-03,Islande,4,0,2,-1.0,19.0,-1.0
2020-04-03,"Israël",36,4,10,-0.6,13.0,0.32
2020-04-03,Italie,13915,766,760,0.01,42.0,-0.02
2020-04-03,"Jamaïque",3,0,0,,15.0,-1.0
2020-04-03,Japon,62,1,5,-0.8,50.0,0.31
2020-04-03,Jordanie,5,0,0,,7.0,-0.67
2020-04-03,Kazakhstan,3,3,0,,8.0,-0.5
2020-04-03,Kenya,3,1,2,-0.5,8.0,-0.5
2020-04-03,Liban,16,1,2,-0.5,24.0,-0.17
2020-04-03,Lituanie,9,0,1,-1.0,13.0,-0.5
2020-04-03,Luxembourg,30,1,1,0.0,20.0,0.43
2020-04-03,"Macédoine",11,1,0,,12.0,0.1
2020-04-03,Malaisie,50,3,5,-0.4,17.0,1.15
2020-04-03,Mali,3,0,0,,5.0,-0.67
2020-04-03,Maroc,44,4,5,-0.2,24.0,0.65
2020-04-03,Martinique,3,0,0,,18.0,-1.0
2020-04-03,Maurice,7,0,1,-1.0,13.0,-0.63
2020-04-03,Mexique,37,13,8,0.63,15.0,1.25
2020-04-03,Moldavie,6,2,1,1.0,16.0,-0.13
2020-04-03,Montenegro,2,0,0,,11.0,-1.0
2020-04-03,Niger,5,0,0,,9.0,-1.0
2020-04-03,"Nigéria",2,2,0,,11.0,-1.0
2020-04-03,"Norvège",50,9,6,0.5,20.0,0.32
2020-04-03,"Ouzbékistan",2,0,0,,7.0,-0.5
2020-04-03,Pakistan,34,6,7,-0.14,15.0,1.11
2020-04-03,Paraguay,3,0,0,,13.0,
2020-04-03,Pays-Bas,1341,149,166,-0.1,28.0,0.1
2020-04-03,Philippines,107,29,11,1.64,61.0,0.48
2020-04-03,Pologne,57,14,14,0.0,22.0,0.98
2020-04-03,Portugal,209,37,22,0.68,17.0,0.17
2020-04-03,"Pérou",55,6,17,-0.65,14.0,0.53
2020-04-03,Qatar,3,0,1,-1.0,6.0,-1.0
2020-04-03,Roumanie,115,18,23,-0.22,12.0,0.76
2020-04-03,Royaume-Uni,2926,685,569,0.2,29.0,0.27
2020-04-03,"Rép. Dém. du Congo",13,0,4,-1.0,13.0,0.0
2020-04-03,"République Dominicaine",60,8,3,1.67,17.0,0.33
2020-04-03,"République Tchèque",44,9,5,0.8,12.0,0.41
2020-04-03,Saint-Marin,30,0,4,-1.0,31.0,-0.92
2020-04-03,Serbie,31,8,3,1.67,14.0,-0.15
2020-04-03,Singapour,4,1,1,0.0,13.0,-0.5
2020-04-03,"Slovénie",17,3,2,0.5,20.0,-0.63
2020-04-03,"Sri Lanka",4,0,1,-1.0,6.0,-0.75
2020-04-03,Suisse,536,55,48,0.15,29.0,0.08
2020-04-03,"Suède",308,50,69,-0.28,23.0,0.96
2020-04-03,Syrie,2,0,0,,5.0,-0.5
2020-04-03,"Taïwan",5,0,0,,47.0,-1.0
2020-04-03,"Thaïlande",15,4,3,0.33,33.0,0.33
2020-04-03,Togo,2,1,0,,7.0,-1.0
2020-04-03,"Trinité-et-Tobago",5,1,0,,9.0,-0.67
2020-04-03,Tunisie,14,4,2,1.0,15.0,0.0
2020-04-03,Turquie,356,69,79,-0.13,17.0,0.25
2020-04-03,Ukraine,22,5,2,1.5,21.0,0.42
2020-04-03,Uruguay,4,0,2,-1.0,5.0,-0.33
2020-04-03,Venezuela,5,2,2,0.0,7.0,-0.5
2020-04-03,"Égypte",58,8,6,0.33,26.0,0.49
2020-04-03,"Émirats Arabes Unis",8,1,0,,14.0,0.13
2020-04-03,"Équateur",120,25,27,-0.07,20.0,1.59
2020-04-03,"États-Unis",5926,1161,1169,-0.01,34.0,0.2
2020-04-04,Afghanistan,6,1,0,,13.0,-1.0
2020-04-04,"Afrique du Sud",9,0,4,-1.0,8.0,-0.25
2020-04-04,Albanie,17,3,1,2.0,24.0,0.6
2020-04-04,"Algérie",105,25,19,0.32,23.0,0.5
2020-04-04,Allemagne,1275,169,168,0.01,26.0,0.1
2020-04-04,Andorre,16,1,1,0.0,13.0,-0.06
2020-04-04,Angola,2,0,0,,6.0,-1.0
2020-04-04,"Arabie Saoudite",25,4,4,0.0,11.0,0.61
2020-04-04,Argentine,39,4,3,0.33,27.0,1.17
2020-04-04,"Arménie",7,0,0,,9.0,0.0
2020-04-04,Australie,28,2,4,-0.5,34.0,0.29
2020-04-04,Autres,13,0,0,,44.0,-1.0
2020-04-04,Autriche,168,18,10,0.8,23.0,0.16
2020-04-04,"Azerbaïdjan",5,0,0,,22.0,-1.0
2020-04-04,"Bahreïn",4,0,0,,19.0,
2020-04-04,Bangladesh,6,2,0,,17.0,-1.0
2020-04-04,Belgique,1143,140,132,0.06,24.0,0.22
2020-04-04,Bolivie,9,1,1,0.0,6.0,0.19
2020-04-04,"Bosnie-Herzégovine",17,4,1,3.0,14.0,0.68
2020-04-04,"Brésil",359,86,35,1.46,18.0,0.43
2020-04-04,Bulgarie,14,3,4,-0.25,24.0,-0.75
2020-04-04,"Burkina Faso",16,0,0,,17.0,-0.63
2020-04-04,"Bélarus",4,1,0,,4.0,0.0
2020-04-04,Cameroun,8,1,1,0.0,10.0,-0.33
2020-04-04,Canada,179,39,40,-0.03,26.0,0.93
2020-04-04,Chili,22,5,4,0.25,13.0,0.54
2020-04-04,Chypre,11,0,1,-1.0,13.0,-0.3
2020-04-04,Colombie,25,7,6,0.17,13.0,0.49
2020-04-04,"Congo (Brazzaville)",2,0,0,,2.0,-1.0
2020-04-04,"Corée du Sud",174,3,5,-0.4,44.0,-0.01
2020-04-04,"Costa Rica",2,0,0,,16.0,
2020-04-04,Croatie,8,4,1,3.0,16.0,0.38
2020-04-04,Cuba,6,0,0,,17.0,-0.33
2020-04-04,Danemark,139,22,16,0.38,21.0,0.21
2020-04-04,"El Salvador",2,1,0,,4.0,-1.0
2020-04-04,Espagne,11198,749,850,-0.12,32.0,-0.01
2020-04-04,Estonie,12,1,1,0.0,10.0,0.63
2020-04-04,Finlande,20,5,1,4.0,14.0,0.58
2020-04-04,France,6507,1053,1120,-0.06,49.0,0.28
2020-04-04,"Fédération de Russie",34,9,4,1.25,16.0,1.15
2020-04-04,Ghana,5,0,0,,14.0,-1.0
2020-04-04,"Grèce",63,5,10,-0.5,24.0,0.5
2020-04-04,Guadeloupe,7,0,1,-1.0,13.0,-0.5
2020-04-04,Honduras,15,0,1,-1.0,9.0,-0.28
2020-04-04,Hong-Kong,4,0,0,,60.0,
2020-04-04,Hongrie,26,6,5,0.2,20.0,0.99
2020-04-04,Inde,72,14,0,,24.0,0.88
2020-04-04,"Indonésie",181,10,11,-0.09,24.0,0.01
2020-04-04,Iraq,54,2,0,,31.0,-0.5
2020-04-04,Irlande,120,17,22,-0.23,24.0,0.12
2020-04-04,Islande,4,0,0,,20.0,-1.0
2020-04-04,"Israël",40,4,4,0.0,14.0,0.48
2020-04-04,Italie,14681,681,766,-0.11,43.0,-0.03
2020-04-04,"Jamaïque",3,0,0,,16.0,-1.0
2020-04-04,Japon,63,14,1,13.0,51.0,2.39
2020-04-04,Jordanie,5,0,0,,8.0,-0.5
2020-04-04,Kazakhstan,6,-1,3,-1.33,9.0,-0.78
2020-04-04,Kenya,4,0,1,-1.0,9.0,-0.75
2020-04-04,Liban,17,0,1,-1.0,25.0,-0.17
2020-04-04,Lituanie,9,2,0,,14.0,-1.0
2020-04-04,Luxembourg,31,0,1,-1.0,21.0,0.36
2020-04-04,"Macédoine",12,5,1,4.0,13.0,0.75
2020-04-04,Malaisie,53,4,3,0.33,18.0,1.29
2020-04-04,Mali,3,0,0,,6.0,-0.67
2020-04-04,Maroc,48,11,4,1.75,25.0,1.02
2020-04-04,Martinique,3,0,0,,19.0,-1.0
2020-04-04,Maurice,7,0,0,,14.0,-0.63
2020-04-04,Mayotte,2,0,1,-1.0,4.0,-1.0
2020-04-04,Mexique,50,10,13,-0.23,16.0,1.07
2020-04-04,Moldavie,8,4,2,1.0,17.0,0.38
2020-04-04,Montenegro,2,0,0,,12.0,-1.0
2020-04-04,Niger,5,3,0,,10.0,-1.0
2020-04-04,"Nigéria",4,0,2,-1.0,12.0,-1.0
2020-04-04,"Norvège",59,3,9,-0.67,21.0,0.25
2020-04-04,"Ouzbékistan",2,0,0,,8.0,-1.0
2020-04-04,Pakistan,40,1,6,-0.83,16.0,1.06
2020-04-04,Paraguay,3,0,0,,14.0,
2020-04-04,Pays-Bas,1490,166,149,0.11,29.0,0.15
2020-04-04,Philippines,136,8,29,-0.72,62.0,0.29
2020-04-04,Pologne,71,8,14,-0.43,23.0,0.78
2020-04-04,Portugal,246,20,37,-0.46,18.0,0.03
2020-04-04,"Pérou",61,12,6,1.0,15.0,0.46
2020-04-04,Qatar,3,0,0,,7.0,-1.0
2020-04-04,Roumanie,133,13,18,-0.28,13.0,0.34
2020-04-04,Royaume-Uni,3611,709,685,0.04,30.0,0.22
2020-04-04,"Rép. Dém. du Congo",13,5,0,,14.0,0.0
2020-04-04,"République Dominicaine",68,0,8,-1.0,18.0,0.21
2020-04-04,"République Tchèque",53,6,9,-0.33,13.0,0.3
2020-04-04,Saint-Marin,30,2,0,,32.0,-0.92
2020-04-04,Serbie,39,5,8,-0.38,15.0,-0.19
2020-04-04,Singapour,5,1,1,0.0,14.0,-0.33
2020-04-04,"Slovénie",20,2,3,-0.33,21.0,-0.46
2020-04-04,"Sri Lanka",4,1,0,,7.0,-0.75
2020-04-04,Suisse,591,75,55,0.36,30.0,0.16
2020-04-04,"Suède",358,15,50,-0.7,24.0,1.01
2020-04-04,Syrie,2,0,0,,6.0,-0.5
2020-04-04,"Taïwan",5,0,0,,48.0,-1.0
2020-04-04,"Thaïlande",19,1,4,-0.75,34.0,0.23
2020-04-04,Togo,3,0,1,-1.0,8.0,-1.0
2020-04-04,"Trinité-et-Tobago",6,0,1,-1.0,10.0,-1.0
2020-04-04,Tunisie,18,0,4,-1.0,16.0,-0.2
2020-04-04,Turquie,425,76,69,0.1,18.0,0.27
2020-04-04,Ukraine,27,5,5,0.0,22.0,0.36
2020-04-04,Uruguay,4,1,0,,6.0,-0.33
2020-04-04,Venezuela,7,0,2,-1.0,8.0,-0.75
2020-04-04,"Égypte",66,5,8,-0.38,27.0,0.44
2020-04-04,"Émirats Arabes Unis",9,1,1,0.0,15.0,0.1
2020-04-04,"Équateur",145,27,25,0.08,21.0,0.89
2020-04-04,"États-Unis",7087,1320,1161,0.14,35.0,0.19
2020-04-05,Afghanistan,7,0,1,-1.0,14.0,-1.0
2020-04-05,"Afrique du Sud",9,2,0,,9.0,-0.25
2020-04-05,Albanie,20,0,3,-1.0,25.0,0.6
2020-04-05,"Algérie",130,22,25,-0.12,24.0,0.53
2020-04-05,Allemagne,1444,140,169,-0.17,27.0,0.06
2020-04-05,Andorre,17,1,1,0.0,14.0,-0.05
2020-04-05,Angola,2,0,0,,7.0,-1.0
2020-04-05,"Arabie Saoudite",29,5,4,0.25,12.0,0.15
2020-04-05,Argentine,43,1,4,-0.75,28.0,1.17
2020-04-05,"Arménie",7,0,0,,10.0,0.0
2020-04-05,Australie,30,5,2,1.5,35.0,0.36
2020-04-05,Autres,13,0,0,,45.0,-1.0
2020-04-05,Autriche,186,18,18,0.0,24.0,0.05
2020-04-05,"Azerbaïdjan",5,2,0,,23.0,-1.0
2020-04-05,Bahamas,4,0,3,-1.0,4.0,-1.0
2020-04-05,"Bahreïn",4,0,0,,20.0,
2020-04-05,Bangladesh,8,1,2,-0.5,18.0,-0.75
2020-04-05,Belgique,1283,164,140,0.17,25.0,0.21
2020-04-05,Bolivie,10,0,1,-1.0,7.0,0.02
2020-04-05,"Bosnie-Herzégovine",21,2,4,-0.5,15.0,0.6
2020-04-05,"Brésil",445,41,86,-0.52,19.0,0.31
2020-04-05,Bulgarie,17,3,3,0.0,25.0,-0.56
2020-04-05,"Burkina Faso",16,1,0,,18.0,-0.67
2020-04-05,"Bélarus",5,3,1,2.0,5.0,0.5
2020-04-05,Cameroun,9,0,1,-1.0,11.0,-0.5
2020-04-05,Canada,218,41,39,0.05,27.0,1.02
2020-04-05,Chili,27,7,5,0.4,14.0,0.59
2020-04-05,Chypre,11,-2,0,,14.0,-0.3
2020-04-05,Colombie,32,3,7,-0.57,14.0,0.34
2020-04-05,"Congo (Brazzaville)",2,3,0,,3.0,-1.0
2020-04-05,"Corée du Sud",177,6,3,1.0,45.0,0.05
2020-04-05,"Costa Rica",2,0,0,,17.0,
2020-04-05,Croatie,12,3,4,-0.25,17.0,0.44
2020-04-05,Cuba,6,2,0,,18.0,0.0
2020-04-05,Danemark,161,18,22,-0.18,22.0,0.25
2020-04-05,"El Salvador",3,0,1,-1.0,5.0,-1.0
2020-04-05,Espagne,11947,694,749,-0.07,33.0,-0.01
2020-04-05,Estonie,13,2,1,1.0,11.0,0.69
2020-04-05,Finlande,25,3,5,-0.4,15.0,0.52
2020-04-05,France,7560,518,1053,-0.51,50.0,0.22
2020-04-05,"Fédération de Russie",43,2,9,-0.78,17.0,0.87
2020-04-05,Ghana,5,0,0,,15.0,
2020-04-05,"Grèce",68,5,5,0.0,25.0,0.43
2020-04-05,Guadeloupe,7,0,0,,14.0,-1.0
2020-04-05,Guatemala,2,0,1,-1.0,20.0,-1.0
2020-04-05,Honduras,15,7,0,,10.0,-0.28
2020-04-05,Hong-Kong,4,0,0,,61.0,
2020-04-05,Hongrie,32,2,6,-0.67,21.0,0.75
2020-04-05,Inde,86,13,14,-0.07,25.0,0.91
2020-04-05,"Indonésie",191,7,10,-0.3,25.0,0.0
2020-04-05,Iraq,56,5,2,1.5,32.0,0.0
2020-04-05,Irlande,137,21,17,0.24,25.0,0.2
2020-04-05,Islande,4,0,0,,21.0,-1.0
2020-04-05,"Israël",44,5,4,0.25,15.0,0.45
2020-04-05,Italie,15362,525,681,-0.23,44.0,-0.04
2020-04-05,"Jamaïque",3,0,0,,17.0,-1.0
2020-04-05,Japon,77,0,14,-1.0,52.0,2.28
2020-04-05,Jordanie,5,0,0,,9.0,-0.5
2020-04-05,Kazakhstan,5,1,-1,-2.0,10.0,-1.08
2020-04-05,Kenya,4,0,0,,10.0,-0.75
2020-04-05,Liban,17,1,0,,26.0,-0.17
2020-04-05,Lituanie,11,2,2,0.0,15.0,-0.67
2020-04-05,Luxembourg,31,5,0,,22.0,0.42
2020-04-05,"Macédoine",17,1,5,-0.8,14.0,0.45
2020-04-05,Malaisie,57,4,4,0.0,19.0,0.29
2020-04-05,Mali,3,2,0,,7.0,-0.67
2020-04-05,Maroc,59,11,11,0.0,26.0,1.09
2020-04-05,Martinique,3,1,0,,20.0,-1.0
2020-04-05,Maurice,7,0,0,,15.0,-0.63
2020-04-05,Mayotte,2,0,0,,5.0,-1.0
2020-04-05,Mexique,60,19,10,0.9,17.0,1.2
2020-04-05,Moldavie,12,3,4,-0.25,18.0,0.25
2020-04-05,Montenegro,2,0,0,,13.0,-1.0
2020-04-05,Niger,8,2,3,-0.33,11.0,-0.78
2020-04-05,"Nigéria",4,1,0,,13.0,-1.0
2020-04-05,"Norvège",62,9,3,2.0,22.0,0.61
2020-04-05,Oman,2,0,1,-1.0,5.0,-1.0
2020-04-05,"Ouzbékistan",2,0,0,,9.0,
2020-04-05,Pakistan,41,6,1,5.0,17.0,1.63
2020-04-05,Paraguay,3,0,0,,15.0,
2020-04-05,Pays-Bas,1656,115,166,-0.31,30.0,0.04
2020-04-05,Philippines,144,8,8,0.0,63.0,0.41
2020-04-05,Pologne,79,15,8,0.88,24.0,0.76
2020-04-05,Portugal,266,29,20,0.45,19.0,0.13
2020-04-05,"Pérou",73,10,12,-0.17,16.0,0.52
2020-04-05,Qatar,3,1,0,,8.0,-1.0
2020-04-05,Roumanie,146,5,13,-0.62,14.0,0.32
2020-04-05,Royaume-Uni,4320,623,709,-0.12,31.0,0.23
2020-04-05,"Rép. Dém. du Congo",18,0,5,-1.0,15.0,0.0
2020-04-05,"République Dominicaine",68,14,0,,19.0,0.18
2020-04-05,"République Tchèque",59,8,6,0.33,14.0,0.14
2020-04-05,"Saint Martin",2,0,1,-1.0,6.0,-1.0
2020-04-05,Saint-Marin,32,0,2,-1.0,33.0,-0.92
2020-04-05,Serbie,44,7,5,0.4,16.0,-0.01
2020-04-05,Singapour,6,0,1,-1.0,15.0,-0.5
2020-04-05,"Slovénie",22,6,2,2.0,22.0,0.03
2020-04-05,"Sri Lanka",5,0,1,-1.0,8.0,-0.75
2020-04-05,Suisse,666,49,75,-0.35,31.0,0.1
2020-04-05,"Suède",373,28,15,0.87,25.0,0.99
2020-04-05,Syrie,2,0,0,,7.0,-0.5
2020-04-05,"Sénégal",2,0,1,-1.0,4.0,-1.0
2020-04-05,"Taïwan",5,0,0,,49.0,-1.0
2020-04-05,"Thaïlande",20,3,1,2.0,35.0,0.51
2020-04-05,Togo,3,0,0,,9.0,-1.0
2020-04-05,"Trinité-et-Tobago",6,1,0,,11.0,-1.0
2020-04-05,Tunisie,18,4,0,,17.0,0.0
2020-04-05,Turquie,501,73,76,-0.04,19.0,0.2
2020-04-05,Ukraine,32,5,5,0.0,23.0,0.46
2020-04-05,Uruguay,5,0,1,-1.0,7.0,-0.5
2020-04-05,Venezuela,7,0,0,,9.0,-0.67
2020-04-05,"Égypte",71,7,5,0.4,28.0,0.54
2020-04-05,"Émirats Arabes Unis",10,0,1,-1.0,16.0,-0.08
2020-04-05,"Équateur",172,8,27,-0.7,22.0,0.81
2020-04-05,"États-Unis",8407,1212,1320,-0.08,36.0,0.18
2020-04-06,Afghanistan,7,4,0,,15.0,-1.0
2020-04-06,"Afrique du Sud",11,1,2,-0.5,10.0,-0.38
2020-04-06,Albanie,20,1,0,,26.0,0.6
2020-04-06,"Algérie",152,21,22,-0.05,25.0,0.38
2020-04-06,Allemagne,1584,226,140,0.61,28.0,0.13
2020-04-06,Andorre,18,3,1,2.0,15.0,0.29
2020-04-06,Angola,2,0,0,,8.0,
2020-04-06,"Arabie Saoudite",34,4,5,-0.2,13.0,0.28
2020-04-06,Argentine,44,4,1,3.0,29.0,1.17
2020-04-06,"Arménie",7,1,0,,11.0,0.5
2020-04-06,Australie,35,5,5,0.0,36.0,0.43
2020-04-06,Autres,13,0,0,,46.0,-1.0
2020-04-06,Autriche,204,16,18,-0.11,25.0,0.0
2020-04-06,"Azerbaïdjan",7,0,2,-1.0,24.0,-1.0
2020-04-06,Bahamas,4,1,0,,5.0,-1.0
2020-04-06,"Bahreïn",4,0,0,,21.0,
2020-04-06,Bangladesh,9,3,1,2.0,19.0,0.17
2020-04-06,Belgique,1447,185,164,0.13,26.0,0.22
2020-04-06,Bolivie,10,1,0,,8.0,-0.31
2020-04-06,"Bosnie-Herzégovine",23,6,2,2.0,16.0,0.43
2020-04-06,"Brésil",486,78,41,0.9,20.0,0.45
2020-04-06,Bulgarie,20,2,3,-0.33,26.0,-0.4
2020-04-06,"Burkina Faso",17,1,1,0.0,19.0,-0.33
2020-04-06,"Bélarus",8,5,3,0.67,6.0,0.53
2020-04-06,Cameroun,9,0,0,,12.0,-0.33
2020-04-06,Canada,259,80,41,0.95,28.0,0.54
2020-04-06,Chili,34,3,7,-0.57,15.0,0.51
2020-04-06,Chypre,9,0,-2,-1.0,15.0,-0.42
2020-04-06,Colombie,35,11,3,2.67,15.0,0.79
2020-04-06,"Congo (Brazzaville)",5,0,3,-1.0,4.0,-1.0
2020-04-06,"Corée du Sud",183,3,6,-0.5,46.0,0.01
2020-04-06,"Costa Rica",2,0,0,,18.0,
2020-04-06,Croatie,15,1,3,-0.67,18.0,0.52
2020-04-06,Cuba,8,1,2,-0.5,19.0,-0.17
2020-04-06,"Côte d'Ivoire",3,0,2,-1.0,8.0,-1.0
2020-04-06,Danemark,179,8,18,-0.56,23.0,0.22
2020-04-06,"El Salvador",3,1,0,,6.0,-1.0
2020-04-06,Espagne,12641,700,694,0.01,34.0,-0.03
2020-04-06,Estonie,15,4,2,1.0,12.0,1.03
2020-04-06,Finlande,28,-1,3,-1.33,16.0,0.29
2020-04-06,France,8078,833,518,0.61,51.0,0.25
2020-04-06,"Fédération de Russie",45,2,2,0.0,18.0,0.98
2020-04-06,Ghana,5,0,0,,16.0,
2020-04-06,"Grèce",73,6,5,0.2,26.0,0.49
2020-04-06,Guadeloupe,7,0,0,,15.0,-1.0
2020-04-06,Guatemala,2,1,0,,21.0,-1.0
2020-04-06,"Géorgie",2,0,1,-1.0,2.0,-0.5
2020-04-06,Honduras,22,0,7,-1.0,11.0,-0.68
2020-04-06,Hong-Kong,4,0,0,,62.0,
2020-04-06,Hongrie,34,4,2,1.0,22.0,0.9
2020-04-06,Inde,99,37,13,1.85,26.0,1.11
2020-04-06,"Indonésie",198,11,7,0.57,26.0,0.13
2020-04-06,Iraq,61,3,5,-0.4,33.0,-0.07
2020-04-06,Irlande,158,16,21,-0.24,26.0,0.19
2020-04-06,Islande,4,2,0,,22.0,-1.0
2020-04-06,"Israël",49,8,5,0.6,16.0,0.63
2020-04-06,Italie,15887,636,525,0.21,45.0,-0.03
2020-04-06,"Jamaïque",3,0,0,,18.0,-1.0
2020-04-06,Japon,77,8,0,,53.0,2.94
2020-04-06,Jordanie,5,1,0,,10.0,-1.0
2020-04-06,Kazakhstan,6,0,1,-1.0,11.0,-1.07
2020-04-06,Kenya,4,2,0,,11.0,-0.75
2020-04-06,Liban,18,1,1,0.0,27.0,-0.08
2020-04-06,"Libéria",3,0,2,-1.0,2.0,0.0
2020-04-06,Lituanie,13,2,2,0.0,16.0,-0.5
2020-04-06,Luxembourg,36,5,5,0.0,23.0,0.53
2020-04-06,"Macédoine",18,5,1,4.0,15.0,1.2
2020-04-06,Malaisie,61,1,4,-0.75,20.0,0.29
2020-04-06,Mali,5,0,2,-1.0,8.0,-1.0
2020-04-06,Maroc,70,10,11,-0.09,27.0,0.22
2020-04-06,Martinique,4,0,1,-1.0,21.0,-1.0
2020-04-06,Maurice,7,0,0,,16.0,-0.5
2020-04-06,Mayotte,2,0,0,,6.0,-1.0
2020-04-06,Mexique,79,15,19,-0.21,18.0,1.17
2020-04-06,Moldavie,15,4,3,0.33,19.0,0.26
2020-04-06,Montenegro,2,0,0,,14.0,-1.0
2020-04-06,Niger,10,0,2,-1.0,12.0,-0.83
2020-04-06,"Nigéria",5,0,1,-1.0,14.0,-1.0
2020-04-06,"Norvège",71,5,9,-0.44,23.0,0.19
2020-04-06,Oman,2,0,0,,6.0,-1.0
2020-04-06,"Ouzbékistan",2,0,0,,10.0,
2020-04-06,Pakistan,47,6,6,0.0,18.0,1.28
2020-04-06,Paraguay,3,2,0,,16.0,
2020-04-06,Pays-Bas,1771,103,115,-0.1,31.0,0.07
2020-04-06,Philippines,152,11,8,0.38,64.0,0.27
2020-04-06,Pologne,94,13,15,-0.13,25.0,0.56
2020-04-06,Portugal,295,16,29,-0.45,20.0,0.05
2020-04-06,"Pérou",83,9,10,-0.1,17.0,0.22
2020-04-06,Qatar,4,0,1,-1.0,9.0,-1.0
2020-04-06,Roumanie,151,25,5,4.0,15.0,0.51
2020-04-06,Royaume-Uni,4943,442,623,-0.29,32.0,0.2
2020-04-06,"Rép. Dém. du Congo",18,0,0,,16.0,0.0
2020-04-06,"République Dominicaine",82,4,14,-0.71,20.0,0.19
2020-04-06,"République Tchèque",67,11,8,0.38,15.0,0.13
2020-04-06,"Saint Martin",2,0,0,,7.0,-1.0
2020-04-06,Saint-Marin,32,0,0,,34.0,-0.92
2020-04-06,Serbie,51,7,7,0.0,17.0,-0.01
2020-04-06,Singapour,6,0,0,,16.0,-0.33
2020-04-06,"Slovénie",28,2,6,-0.67,23.0,0.1
2020-04-06,"Sri Lanka",5,0,0,,9.0,-0.75
2020-04-06,Suisse,715,50,49,0.02,32.0,0.01
2020-04-06,"Suède",401,76,28,1.71,26.0,0.35
2020-04-06,Syrie,2,0,0,,8.0,-1.0
2020-04-06,"Sénégal",2,0,0,,5.0,-1.0
2020-04-06,"Taïwan",5,0,0,,50.0,-1.0
2020-04-06,"Thaïlande",23,3,3,0.0,36.0,0.37
2020-04-06,Togo,3,0,0,,10.0,-1.0
2020-04-06,"Trinité-et-Tobago",7,1,1,0.0,12.0,-0.67
2020-04-06,Tunisie,22,0,4,-1.0,18.0,-0.2
2020-04-06,Turquie,574,75,73,0.03,20.0,0.12
2020-04-06,Ukraine,37,1,5,-0.8,24.0,0.06
2020-04-06,Uruguay,5,1,0,,8.0,-0.33
2020-04-06,Venezuela,7,0,0,,10.0,-0.67
2020-04-06,"Égypte",78,7,7,0.0,29.0,0.65
2020-04-06,"Émirats Arabes Unis",10,1,0,,17.0,-0.3
2020-04-06,"Équateur",180,11,8,0.38,23.0,0.98
2020-04-06,"États-Unis",9619,1164,1212,-0.04,37.0,0.15
2020-04-06,"Éthiopie",2,0,2,-1.0,1.0,-1.0
2020-04-07,Afghanistan,11,3,4,-0.25,16.0,-0.75
2020-04-07,"Afrique du Sud",12,1,1,0.0,11.0,-0.63
2020-04-07,Albanie,21,1,1,0.0,27.0,0.0
2020-04-07,"Algérie",173,20,21,-0.05,26.0,0.19
2020-04-07,Allemagne,1810,206,226,-0.09,29.0,0.09
2020-04-07,Andorre,21,1,3,-0.67,16.0,0.05
2020-04-07,Angola,2,0,0,,9.0,
2020-04-07,"Arabie Saoudite",38,3,4,-0.25,14.0,0.2
2020-04-07,Argentine,48,8,4,1.0,30.0,1.32
2020-04-07,"Arménie",8,0,1,-1.0,12.0,0.0
2020-04-07,Australie,40,5,5,0.0,37.0,0.43
2020-04-07,Autres,13,0,0,,47.0,-1.0
2020-04-07,Autriche,220,23,16,0.44,26.0,0.08
2020-04-07,"Azerbaïdjan",7,1,0,,25.0,-1.0
2020-04-07,Bahamas,5,1,1,0.0,6.0,-0.67
2020-04-07,"Bahreïn",4,1,0,,22.0,
2020-04-07,Bangladesh,12,5,3,0.67,20.0,0.29
2020-04-07,Barbade,2,1,1,0.0,2.0,0.0
2020-04-07,Belgique,1632,403,185,1.18,27.0,0.2
2020-04-07,Bolivie,11,3,1,2.0,9.0,0.08
2020-04-07,"Bosnie-Herzégovine",29,4,6,-0.33,17.0,0.42
2020-04-07,"Brésil",564,122,78,0.56,21.0,0.41
2020-04-07,Bulgarie,22,1,2,-0.5,27.0,-0.42
2020-04-07,"Burkina Faso",18,1,1,0.0,20.0,-0.25
2020-04-07,"Bélarus",13,0,5,-1.0,7.0,0.28
2020-04-07,Cameroun,9,0,0,,13.0,-0.33
2020-04-07,Canada,339,36,80,-0.55,29.0,0.41
2020-04-07,Chili,37,6,3,1.0,16.0,0.23
2020-04-07,Chypre,9,0,0,,16.0,-0.4
2020-04-07,Colombie,46,4,11,-0.64,16.0,0.55
2020-04-07,"Congo (Brazzaville)",5,0,0,,5.0,-1.0
2020-04-07,"Corée du Sud",186,6,3,1.0,47.0,0.2
2020-04-07,"Costa Rica",2,0,0,,19.0,
2020-04-07,Croatie,16,2,1,1.0,19.0,0.62
2020-04-07,Cuba,9,2,1,1.0,20.0,-0.17
2020-04-07,"Côte d'Ivoire",3,0,0,,9.0,-1.0
2020-04-07,Danemark,187,16,8,1.0,24.0,0.13
2020-04-07,"El Salvador",4,0,1,-1.0,7.0,-1.0
2020-04-07,Espagne,13341,704,700,0.01,35.0,0.0
2020-04-07,Estonie,19,2,4,-0.5,13.0,0.81
2020-04-07,Finlande,27,7,-1,-8.0,17.0,-1.21
2020-04-07,France,8911,1417,833,0.7,52.0,0.32
2020-04-07,"Fédération de Russie",47,11,2,4.5,19.0,0.62
2020-04-07,Ghana,5,0,0,,17.0,
2020-04-07,"Grèce",79,2,6,-0.67,27.0,0.36
2020-04-07,Guadeloupe,7,0,0,,16.0,-1.0
2020-04-07,Guatemala,3,0,1,-1.0,22.0,-1.0
2020-04-07,"Géorgie",2,1,0,,3.0,-0.5
2020-04-07,Honduras,22,0,0,,12.0,-0.6
2020-04-07,Hong-Kong,4,0,0,,63.0,
2020-04-07,Hongrie,38,9,4,1.25,23.0,1.15
2020-04-07,Inde,136,14,37,-0.62,27.0,1.07
2020-04-07,"Indonésie",209,12,11,0.09,27.0,0.03
2020-04-07,Iraq,64,1,3,-0.67,34.0,-0.18
2020-04-07,Irlande,174,36,16,1.25,27.0,0.21
2020-04-07,Islande,6,0,2,-1.0,23.0,-1.0
2020-04-07,"Israël",57,8,8,0.0,17.0,0.2
2020-04-07,Italie,16523,604,636,-0.05,46.0,-0.04
2020-04-07,"Jamaïque",3,0,0,,19.0,-1.0
2020-04-07,Japon,85,7,8,-0.13,54.0,2.43
2020-04-07,Jordanie,6,0,1,-1.0,11.0,-1.0
2020-04-07,Kazakhstan,6,0,0,,12.0,-1.07
2020-04-07,Kenya,6,0,2,-1.0,12.0,-0.83
2020-04-07,Kirghizistan,4,0,3,-1.0,4.0,-1.0
2020-04-07,Liban,19,0,1,-1.0,28.0,-0.25
2020-04-07,"Libéria",3,0,0,,3.0,0.0
2020-04-07,Lituanie,15,0,2,-1.0,17.0,-0.6
2020-04-07,Luxembourg,41,3,5,-0.4,24.0,0.46
2020-04-07,"Macédoine",23,3,5,-0.4,16.0,0.97
2020-04-07,Malaisie,62,1,1,0.0,21.0,0.0
2020-04-07,Mali,5,0,0,,9.0,-1.0
2020-04-07,Maroc,80,10,10,0.0,28.0,0.3
2020-04-07,Martinique,4,0,0,,22.0,-1.0
2020-04-07,Maurice,7,0,0,,17.0,-0.5
2020-04-07,Mayotte,2,0,0,,7.0,-1.0
2020-04-07,Mexique,94,31,15,1.07,19.0,1.18
2020-04-07,Moldavie,19,3,4,-0.25,20.0,0.19
2020-04-07,Montenegro,2,0,0,,15.0,-1.0
2020-04-07,Niger,10,1,0,,13.0,-0.78
2020-04-07,"Nigéria",5,1,0,,15.0,-1.0
2020-04-07,"Norvège",76,13,5,1.6,24.0,0.41
2020-04-07,Oman,2,0,0,,7.0,-1.0
2020-04-07,"Ouzbékistan",2,0,0,,11.0,
2020-04-07,Pakistan,53,4,6,-0.33,19.0,1.27
2020-04-07,Paraguay,5,0,2,-1.0,17.0,-1.0
2020-04-07,Pays-Bas,1874,234,103,1.27,32.0,0.12
2020-04-07,Philippines,163,14,11,0.27,65.0,0.25
2020-04-07,Pologne,107,22,13,0.69,26.0,0.77
2020-04-07,Portugal,311,34,16,1.13,21.0,0.22
2020-04-07,"Pérou",92,15,9,0.67,18.0,0.32
2020-04-07,Qatar,4,2,0,,10.0,-1.0
2020-04-07,Roumanie,176,21,25,-0.16,16.0,0.52
2020-04-07,Royaume-Uni,5385,786,442,0.78,33.0,0.16
2020-04-07,"Rép. Dém. du Congo",18,0,0,,17.0,0.33
2020-04-07,"République Dominicaine",86,12,4,2.0,21.0,0.19
2020-04-07,"République Tchèque",78,10,11,-0.09,16.0,0.1
2020-04-07,"Saint Martin",2,0,0,,8.0,-1.0
2020-04-07,Saint-Marin,32,2,0,,35.0,-1.0
2020-04-07,Serbie,58,3,7,-0.57,18.0,0.06
2020-04-07,Singapour,6,0,0,,17.0,-0.33
2020-04-07,Slovaquie,2,0,1,-1.0,6.0,-1.0
2020-04-07,"Slovénie",30,6,2,2.0,24.0,0.42
2020-04-07,"Sri Lanka",5,1,0,,10.0,-0.67
2020-04-07,Suisse,765,56,50,0.12,33.0,-0.01
2020-04-07,"Suède",477,114,76,0.5,27.0,0.43
2020-04-07,Syrie,2,0,0,,9.0,
2020-04-07,"Sénégal",2,0,0,,6.0,-1.0
2020-04-07,"Taïwan",5,0,0,,51.0,
2020-04-07,"Thaïlande",26,1,3,-0.67,37.0,0.35
2020-04-07,Togo,3,0,0,,11.0,-1.0
2020-04-07,"Trinité-et-Tobago",8,0,1,-1.0,13.0,-0.75
2020-04-07,Tunisie,22,1,0,,19.0,-0.2
2020-04-07,Turquie,649,76,75,0.01,21.0,0.09
2020-04-07,Ukraine,38,7,1,6.0,25.0,0.87
2020-04-07,Uruguay,6,1,1,0.0,9.0,-0.25
2020-04-07,Venezuela,7,0,0,,11.0,-0.5
2020-04-07,"Égypte",85,9,7,0.29,30.0,0.12
2020-04-07,"Émirats Arabes Unis",11,1,1,0.0,18.0,-0.2
2020-04-07,"Équateur",191,0,11,-1.0,24.0,-0.09
2020-04-07,"États-Unis",10783,1939,1164,0.67,38.0,0.14
2020-04-07,"Éthiopie",2,0,0,,2.0,-1.0
2020-04-08,Afghanistan,14,0,3,-1.0,17.0,-0.81
2020-04-08,"Afrique du Sud",13,5,1,4.0,12.0,0.63
2020-04-08,Albanie,22,0,1,-1.0,28.0,0.0
2020-04-08,"Algérie",193,12,20,-0.4,27.0,0.05
2020-04-08,Allemagne,2016,333,206,0.62,30.0,0.17
2020-04-08,Andorre,22,1,1,0.0,17.0,0.12
2020-04-08,Angola,2,0,0,,10.0,
2020-04-08,"Arabie Saoudite",41,0,3,-1.0,15.0,-0.22
2020-04-08,Argentine,56,7,8,-0.13,31.0,1.4
2020-04-08,"Arménie",8,1,0,,13.0,0.0
2020-04-08,Australie,45,5,5,0.0,38.0,0.29
2020-04-08,Autres,13,0,0,,48.0,-1.0
2020-04-08,Autriche,243,30,23,0.3,27.0,0.13
2020-04-08,"Azerbaïdjan",8,0,1,-1.0,26.0,-1.0
2020-04-08,Bahamas,6,1,1,0.0,7.0,-0.5
2020-04-08,"Bahreïn",5,0,1,-1.0,23.0,-1.0
2020-04-08,Bangladesh,17,3,5,-0.4,21.0,0.15
2020-04-08,Barbade,3,0,1,-1.0,3.0,-0.33
2020-04-08,Belgique,2035,205,403,-0.49,28.0,0.18
2020-04-08,Bolivie,14,1,3,-0.67,10.0,0.06
2020-04-08,"Bosnie-Herzégovine",33,1,4,-0.75,18.0,0.46
2020-04-08,"Brésil",686,133,122,0.09,22.0,0.44
2020-04-08,Bulgarie,23,1,1,0.0,28.0,-0.35
2020-04-08,"Burkina Faso",19,4,1,3.0,21.0,0.5
2020-04-08,"Bélarus",13,0,0,,8.0,0.33
2020-04-08,Cameroun,9,1,0,,14.0,-0.33
2020-04-08,Canada,375,32,36,-0.11,30.0,0.49
2020-04-08,Chili,43,5,6,-0.17,17.0,0.2
2020-04-08,Chypre,9,0,0,,17.0,-0.5
2020-04-08,Colombie,50,4,4,0.0,17.0,0.66
2020-04-08,"Congo (Brazzaville)",5,0,0,,6.0,-1.0
2020-04-08,"Corée du Sud",192,8,6,0.33,48.0,0.29
2020-04-08,"Costa Rica",2,1,0,,20.0,
2020-04-08,Croatie,18,1,2,-0.5,20.0,0.43
2020-04-08,Cuba,11,1,2,-0.5,21.0,0.0
2020-04-08,"Côte d'Ivoire",3,0,0,,10.0,-1.0
2020-04-08,Danemark,203,15,16,-0.06,25.0,0.11
2020-04-08,"El Salvador",4,1,0,,8.0,-1.0
2020-04-08,Espagne,14045,747,704,0.06,36.0,-0.03
2020-04-08,Estonie,21,3,2,0.5,14.0,0.88
2020-04-08,Finlande,34,6,7,-0.14,18.0,-1.06
2020-04-08,France,10328,541,1417,-0.62,53.0,0.23
2020-04-08,"Fédération de Russie",58,5,11,-0.55,20.0,0.56
2020-04-08,Ghana,5,1,0,,18.0,
2020-04-08,"Grèce",81,2,2,0.0,28.0,0.48
2020-04-08,Guadeloupe,7,1,0,,17.0,-1.0
2020-04-08,Guatemala,3,0,0,,23.0,-1.0
2020-04-08,"Géorgie",3,0,1,-1.0,4.0,-0.67
2020-04-08,Honduras,22,0,0,,13.0,-0.6
2020-04-08,Hong-Kong,4,0,0,,64.0,
2020-04-08,Hongrie,47,11,9,0.22,24.0,0.75
2020-04-08,Inde,150,28,14,1.0,28.0,0.13
2020-04-08,"Indonésie",221,19,12,0.58,28.0,0.05
2020-04-08,Iraq,65,4,1,3.0,35.0,0.41
2020-04-08,Irlande,210,25,36,-0.31,28.0,0.19
2020-04-08,Islande,6,0,0,,24.0,-1.0
2020-04-08,"Israël",65,8,8,0.0,18.0,0.13
2020-04-08,Italie,17127,542,604,-0.1,47.0,-0.03
2020-04-08,"Jamaïque",3,1,0,,20.0,-1.0
2020-04-08,Japon,92,1,7,-0.86,55.0,2.37
2020-04-08,Jordanie,6,0,0,,12.0,-1.0
2020-04-08,Kazakhstan,6,1,0,,13.0,-1.33
2020-04-08,Kenya,6,0,0,,13.0,-0.83
2020-04-08,Kirghizistan,4,0,0,,5.0,-1.0
2020-04-08,Kosovo,4,1,3,-0.67,16.0,-0.67
2020-04-08,Lettonie,2,0,1,-1.0,5.0,-1.0
2020-04-08,Liban,19,0,0,,29.0,-0.5
2020-04-08,"Libéria",3,1,0,,4.0,0.0
2020-04-08,Lituanie,15,0,0,,18.0,-0.5
2020-04-08,Luxembourg,44,2,3,-0.33,25.0,-0.43
2020-04-08,"Macédoine",26,3,3,0.0,17.0,0.97
2020-04-08,Malaisie,63,2,1,1.0,22.0,0.24
2020-04-08,Mali,5,2,0,,10.0,-1.0
2020-04-08,Maroc,90,3,10,-0.7,29.0,0.2
2020-04-08,Martinique,4,2,0,,23.0,-1.0
2020-04-08,Maurice,7,0,0,,18.0,-0.5
2020-04-08,Mayotte,2,0,0,,8.0,-1.0
2020-04-08,Mexique,125,16,31,-0.48,20.0,1.24
2020-04-08,Moldavie,22,5,3,0.67,21.0,0.36
2020-04-08,Montenegro,2,0,0,,16.0,
2020-04-08,Niger,11,0,1,-1.0,14.0,-0.83
2020-04-08,"Nigéria",6,0,1,-1.0,16.0,-1.0
2020-04-08,"Norvège",89,12,13,-0.08,25.0,0.44
2020-04-08,Oman,2,0,0,,8.0,-1.0
2020-04-08,"Ouzbékistan",2,1,0,,12.0,
2020-04-08,Pakistan,57,4,4,0.0,20.0,1.38
2020-04-08,Paraguay,5,0,0,,18.0,-1.0
2020-04-08,Pays-Bas,2108,147,234,-0.37,33.0,0.1
2020-04-08,Philippines,177,5,14,-0.64,66.0,0.18
2020-04-08,Pologne,129,30,22,0.36,27.0,0.25
2020-04-08,Portugal,345,35,34,0.03,22.0,0.17
2020-04-08,"Pérou",107,14,15,-0.07,19.0,0.26
2020-04-08,Qatar,6,0,2,-1.0,11.0,-1.0
2020-04-08,Roumanie,197,23,21,0.1,17.0,0.59
2020-04-08,Royaume-Uni,6171,940,786,0.2,34.0,0.12
2020-04-08,"Rép. Dém. du Congo",18,0,0,,18.0,0.33
2020-04-08,"République Dominicaine",98,10,12,-0.17,22.0,0.21
2020-04-08,"République Tchèque",88,11,10,0.1,17.0,0.12
2020-04-08,"Saint Martin",2,0,0,,9.0,-1.0
2020-04-08,Saint-Marin,34,0,2,-1.0,36.0,-1.0
2020-04-08,Serbie,61,4,3,0.33,19.0,0.1
2020-04-08,Singapour,6,0,0,,18.0,-0.33
2020-04-08,Slovaquie,2,0,0,,7.0,-1.0
2020-04-08,"Slovénie",36,4,6,-0.33,25.0,0.53
2020-04-08,"Sri Lanka",6,1,1,0.0,11.0,-0.5
2020-04-08,Suisse,821,74,56,0.32,34.0,0.07
2020-04-08,"Suède",591,96,114,-0.16,28.0,0.3
2020-04-08,Syrie,2,0,0,,10.0,
2020-04-08,"Sénégal",2,0,0,,7.0,-1.0
2020-04-08,"Taïwan",5,0,0,,52.0,
2020-04-08,"Thaïlande",27,3,1,2.0,38.0,0.49
2020-04-08,Togo,3,0,0,,12.0,-1.0
2020-04-08,"Trinité-et-Tobago",8,0,0,,14.0,-0.75
2020-04-08,Tunisie,23,1,1,0.0,20.0,-0.2
2020-04-08,Turquie,725,87,76,0.14,22.0,0.05
2020-04-08,Ukraine,45,7,7,0.0,26.0,0.91
2020-04-08,Uruguay,7,0,1,-1.0,10.0,-0.4
2020-04-08,Venezuela,7,2,0,,12.0,-0.5
2020-04-08,Zimbabwe,2,1,1,0.0,16.0,0.0
2020-04-08,"Égypte",94,9,9,0.0,31.0,0.09
2020-04-08,"Émirats Arabes Unis",12,0,1,-1.0,19.0,-0.6
2020-04-08,"Équateur",191,51,0,,25.0,-0.14
2020-04-08,"États-Unis",12722,1973,1939,0.02,39.0,0.14
2020-04-08,"Éthiopie",2,0,0,,3.0,-1.0
2020-04-09,Afghanistan,14,1,0,,18.0,-0.81
2020-04-09,"Afrique du Sud",18,0,5,-1.0,13.0,0.3
2020-04-09,Albanie,22,1,0,,29.0,0.0
2020-04-09,"Algérie",205,30,12,1.5,28.0,0.13
2020-04-09,Allemagne,2349,258,333,-0.23,31.0,0.09
2020-04-09,Andorre,23,2,1,1.0,18.0,0.33
2020-04-09,Angola,2,0,0,,11.0,
2020-04-09,Antigua-et-Barbuda,2,0,1,-1.0,2.0,-0.5
2020-04-09,"Arabie Saoudite",41,3,0,,16.0,-0.23
2020-04-09,Argentine,63,9,7,0.29,32.0,0.45
2020-04-09,"Arménie",9,1,1,0.0,14.0,-0.67
2020-04-09,Australie,50,1,5,-0.8,39.0,0.03
2020-04-09,Autres,13,0,0,,49.0,
2020-04-09,Autriche,273,22,30,-0.27,28.0,0.14
2020-04-09,"Azerbaïdjan",8,1,0,,27.0,-1.0
2020-04-09,Bahamas,7,1,1,0.0,8.0,-0.25
2020-04-09,"Bahreïn",5,0,0,,24.0,-1.0
2020-04-09,Bangladesh,20,1,3,-0.67,22.0,0.22
2020-04-09,Barbade,3,0,0,,4.0,-0.33
2020-04-09,Belgique,2240,283,205,0.38,29.0,0.16
2020-04-09,Birmanie,3,0,2,-1.0,9.0,-1.0
2020-04-09,Bolivie,15,3,1,2.0,11.0,0.39
2020-04-09,"Bosnie-Herzégovine",34,1,1,0.0,19.0,0.39
2020-04-09,"Brésil",819,131,133,-0.02,23.0,0.27
2020-04-09,Bulgarie,24,0,1,-1.0,29.0,-0.35
2020-04-09,"Burkina Faso",23,1,4,-0.75,22.0,0.56
2020-04-09,"Bélarus",13,3,0,,9.0,0.17
2020-04-09,Cameroun,10,0,1,-1.0,15.0,-0.5
2020-04-09,Canada,407,96,32,2.0,31.0,0.38
2020-04-09,Chili,48,9,5,0.8,18.0,0.39
2020-04-09,Chypre,9,1,0,,18.0,-0.67
2020-04-09,Colombie,54,15,4,2.75,18.0,0.91
2020-04-09,"Congo (Brazzaville)",5,0,0,,7.0,-1.0
2020-04-09,"Corée du Sud",200,4,8,-0.5,49.0,0.17
2020-04-09,"Costa Rica",3,0,1,-1.0,21.0,-1.0
2020-04-09,Croatie,19,1,1,0.0,21.0,0.37
2020-04-09,Cuba,12,3,1,2.0,22.0,0.5
2020-04-09,"Côte d'Ivoire",3,0,0,,11.0,-1.0
2020-04-09,Danemark,218,19,15,0.27,26.0,0.1
2020-04-09,"El Salvador",5,1,1,0.0,9.0,-0.75
2020-04-09,Espagne,14792,655,747,-0.12,37.0,-0.05
2020-04-09,Estonie,24,0,3,-1.0,15.0,0.02
2020-04-09,Finlande,40,2,6,-0.67,19.0,-1.01
2020-04-09,France,10869,1341,541,1.48,54.0,0.2
2020-04-09,"Fédération de Russie",63,13,5,1.6,21.0,0.81
2020-04-09,Ghana,6,0,1,-1.0,19.0,-1.0
2020-04-09,"Grèce",83,4,2,1.0,29.0,0.34
2020-04-09,Guadeloupe,8,0,1,-1.0,18.0,-1.0
2020-04-09,Guatemala,3,0,0,,24.0,-1.0
2020-04-09,"Géorgie",3,0,0,,5.0,-0.67
2020-04-09,Honduras,22,1,0,,14.0,-0.92
2020-04-09,Hong-Kong,4,0,0,,65.0,
2020-04-09,Hongrie,58,8,11,-0.27,25.0,0.82
2020-04-09,Inde,178,48,28,0.71,29.0,0.31
2020-04-09,"Indonésie",240,40,19,1.11,29.0,0.26
2020-04-09,Iraq,69,0,4,-1.0,36.0,0.24
2020-04-09,Irlande,235,28,25,0.12,29.0,0.22
2020-04-09,Islande,6,0,0,,25.0,-1.0
2020-04-09,"Israël",73,13,8,0.63,19.0,0.13
2020-04-09,Italie,17669,610,542,0.13,48.0,-0.02
2020-04-09,"Jamaïque",4,0,1,-1.0,21.0,-1.0
2020-04-09,Japon,93,1,1,0.0,56.0,1.7
2020-04-09,Jordanie,6,1,0,,13.0,-1.0
2020-04-09,Kazakhstan,7,1,1,0.0,14.0,-1.08
2020-04-09,Kenya,6,1,0,,14.0,-0.83
2020-04-09,Kirghizistan,4,0,0,,6.0,-1.0
2020-04-09,Kosovo,5,0,1,-1.0,17.0,-0.83
2020-04-09,Lettonie,2,1,0,,6.0,-1.0
2020-04-09,Liban,19,0,0,,30.0,-0.63
2020-04-09,"Libéria",4,0,1,-1.0,5.0,-0.33
2020-04-09,Lituanie,15,1,0,,19.0,-0.5
2020-04-09,Luxembourg,46,6,2,2.0,26.0,0.04
2020-04-09,"Macédoine",29,1,3,-0.67,18.0,1.02
2020-04-09,Malaisie,65,2,2,0.0,23.0,0.03
2020-04-09,Mali,7,0,2,-1.0,11.0,-1.0
2020-04-09,Maroc,93,4,3,0.33,30.0,0.16
2020-04-09,Martinique,6,0,2,-1.0,24.0,-1.0
2020-04-09,Maurice,7,0,0,,19.0,-1.0
2020-04-09,Mayotte,2,0,0,,9.0,-1.0
2020-04-09,Mexique,141,33,16,1.06,21.0,0.39
2020-04-09,Moldavie,27,2,5,-0.6,22.0,0.27
2020-04-09,Montenegro,2,0,0,,17.0,
2020-04-09,Niger,11,0,0,,15.0,-0.78
2020-04-09,"Nigéria",6,1,0,,17.0,-1.0
2020-04-09,"Norvège",101,7,12,-0.42,26.0,0.36
2020-04-09,Oman,2,1,0,,9.0,-1.0
2020-04-09,"Ouzbékistan",3,0,1,-1.0,13.0,-1.0
2020-04-09,Pakistan,61,4,4,0.0,21.0,0.53
2020-04-09,Paraguay,5,0,0,,19.0,-1.0
2020-04-09,Pays-Bas,2255,148,147,0.01,34.0,0.07
2020-04-09,Philippines,182,21,5,3.2,67.0,0.59
2020-04-09,Pologne,159,15,30,-0.5,28.0,0.12
2020-04-09,Portugal,380,29,35,-0.17,23.0,0.17
2020-04-09,"Pérou",121,17,14,0.21,20.0,0.13
2020-04-09,Qatar,6,0,0,,12.0,-1.0
2020-04-09,Roumanie,220,28,23,0.22,18.0,0.43
2020-04-09,Royaume-Uni,7111,882,940,-0.06,35.0,0.11
2020-04-09,"Rép. Dém. du Congo",18,0,0,,19.0,-1.0
2020-04-09,"République Dominicaine",108,10,10,0.0,23.0,0.3
2020-04-09,"République Tchèque",99,13,11,0.18,18.0,0.2
2020-04-09,"Saint Martin",2,0,0,,10.0,-1.0
2020-04-09,Saint-Marin,34,0,0,,37.0,-1.0
2020-04-09,Serbie,65,1,4,-0.75,20.0,0.1
2020-04-09,Singapour,6,0,0,,19.0,-0.33
2020-04-09,Slovaquie,2,0,0,,8.0,-1.0
2020-04-09,"Slovénie",40,3,4,-0.25,26.0,0.42
2020-04-09,"Sri Lanka",7,0,1,-1.0,12.0,-0.75
2020-04-09,Suisse,895,53,74,-0.28,35.0,0.05
2020-04-09,"Suède",687,106,96,0.1,29.0,0.29
2020-04-09,Syrie,2,0,0,,11.0,
2020-04-09,"Sénégal",2,0,0,,8.0,-1.0
2020-04-09,"Taïwan",5,0,0,,53.0,
2020-04-09,"Thaïlande",30,2,3,-0.33,39.0,0.37
2020-04-09,Togo,3,0,0,,13.0,-1.0
2020-04-09,"Trinité-et-Tobago",8,0,0,,15.0,-0.67
2020-04-09,Tunisie,24,1,1,0.0,21.0,-0.2
2020-04-09,Turquie,812,96,87,0.1,23.0,0.03
2020-04-09,Ukraine,52,5,7,-0.29,27.0,0.92
2020-04-09,Uruguay,7,0,0,,11.0,-0.75
2020-04-09,Venezuela,9,0,2,-1.0,13.0,-0.67
2020-04-09,Zimbabwe,3,0,1,-1.0,17.0,-0.5
2020-04-09,"Égypte",103,15,9,0.67,32.0,0.19
2020-04-09,"Émirats Arabes Unis",12,2,0,,20.0,-0.5
2020-04-09,"Équateur",242,30,51,-0.41,26.0,-0.29
2020-04-09,"États-Unis",14695,1783,1973,-0.1,40.0,0.09
2020-04-09,"Éthiopie",2,0,0,,4.0,-1.0
2020-04-10,Afghanistan,15,0,1,-1.0,19.0,-0.81
2020-04-10,"Afrique du Sud",18,6,0,,14.0,0.3
2020-04-10,Albanie,23,0,1,-1.0,30.0,-0.2
2020-04-10,"Algérie",235,21,30,-0.3,29.0,0.13
2020-04-10,Allemagne,2607,160,258,-0.38,32.0,0.05
2020-04-10,Andorre,25,1,2,-0.5,19.0,0.26
2020-04-10,Angola,2,0,0,,12.0,
2020-04-10,Antigua-et-Barbuda,2,0,0,,3.0,-0.5
2020-04-10,"Arabie Saoudite",44,3,3,0.0,17.0,-0.2
2020-04-10,Argentine,72,10,9,0.11,33.0,0.55
2020-04-10,"Arménie",10,2,1,1.0,15.0,0.0
2020-04-10,Australie,51,3,1,2.0,40.0,0.31
2020-04-10,Autres,13,0,0,,50.0,
2020-04-10,Autriche,295,24,22,0.09,29.0,0.18
2020-04-10,"Azerbaïdjan",9,1,1,0.0,28.0,-0.67
2020-04-10,Bahamas,8,0,1,-1.0,9.0,-0.4
2020-04-10,"Bahreïn",5,1,0,,25.0,-1.0
2020-04-10,Bangladesh,21,6,1,5.0,23.0,1.02
2020-04-10,Barbade,3,1,0,,5.0,-0.33
2020-04-10,Belgique,2523,496,283,0.75,30.0,0.31
2020-04-10,Birmanie,3,0,0,,10.0,-1.0
2020-04-10,Bolivie,18,1,3,-0.67,12.0,0.28
2020-04-10,"Bosnie-Herzégovine",35,1,1,0.0,20.0,0.49
2020-04-10,"Brésil",950,107,131,-0.18,24.0,0.33
2020-04-10,Bulgarie,24,1,0,,30.0,-0.35
2020-04-10,"Burkina Faso",24,0,1,-1.0,23.0,0.25
2020-04-10,"Bélarus",16,3,3,0.0,10.0,0.42
2020-04-10,Cameroun,10,2,0,,16.0,-0.67
2020-04-10,Canada,503,54,96,-0.44,32.0,0.27
2020-04-10,Chili,57,8,9,-0.11,19.0,0.23
2020-04-10,Chypre,10,0,1,-1.0,19.0,-1.0
2020-04-10,Colombie,69,11,15,-0.27,19.0,0.59
2020-04-10,"Congo (Brazzaville)",5,0,0,,8.0,-1.0
2020-04-10,"Corée du Sud",204,4,4,0.0,50.0,0.13
2020-04-10,"Costa Rica",3,0,0,,22.0,-1.0
2020-04-10,Croatie,20,1,1,0.0,22.0,0.37
2020-04-10,Cuba,15,0,3,-1.0,23.0,0.2
2020-04-10,"Côte d'Ivoire",3,0,0,,12.0,-1.0
2020-04-10,Danemark,237,10,19,-0.47,27.0,0.05
2020-04-10,"El Salvador",6,0,1,-1.0,10.0,-0.75
2020-04-10,Espagne,15447,634,655,-0.03,38.0,-0.04
2020-04-10,Estonie,24,0,0,,16.0,0.17
2020-04-10,Finlande,42,6,2,2.0,20.0,-0.65
2020-04-10,France,12210,987,1341,-0.26,55.0,0.19
2020-04-10,"Fédération de Russie",76,18,13,0.38,22.0,0.92
2020-04-10,Ghana,6,0,0,,20.0,-1.0
2020-04-10,"Grèce",87,5,4,0.25,30.0,0.04
2020-04-10,Guadeloupe,8,0,0,,19.0,-1.0
2020-04-10,Guatemala,3,0,0,,25.0,-1.0
2020-04-10,"Géorgie",3,0,0,,6.0,-0.67
2020-04-10,"Haïti",2,0,1,-1.0,5.0,-1.0
2020-04-10,Honduras,23,0,1,-1.0,15.0,-1.0
2020-04-10,Hong-Kong,4,0,0,,66.0,
2020-04-10,Hongrie,66,11,8,0.38,26.0,0.3
2020-04-10,Inde,226,20,48,-0.58,30.0,0.38
2020-04-10,"Indonésie",280,26,40,-0.35,30.0,0.23
2020-04-10,Iraq,69,1,0,,37.0,0.49
2020-04-10,Irlande,263,24,28,-0.14,30.0,0.1
2020-04-10,Islande,6,1,0,,26.0,-1.0
2020-04-10,"Israël",86,9,13,-0.31,20.0,0.17
2020-04-10,Italie,18279,570,610,-0.07,49.0,-0.03
2020-04-10,"Jamaïque",4,0,0,,22.0,-1.0
2020-04-10,Japon,94,5,1,4.0,57.0,2.5
2020-04-10,Jordanie,7,0,1,-1.0,14.0,-1.0
2020-04-10,Kazakhstan,8,2,1,1.0,15.0,-0.67
2020-04-10,Kenya,7,0,1,-1.0,15.0,-1.0
2020-04-10,Kirghizistan,4,1,0,,7.0,-1.0
2020-04-10,Kosovo,5,2,0,,18.0,-0.83
2020-04-10,Lettonie,3,0,1,-1.0,7.0,-1.0
2020-04-10,Liban,19,1,0,,31.0,-0.67
2020-04-10,"Libéria",4,1,0,,6.0,-0.33
2020-04-10,Lituanie,16,6,1,5.0,20.0,1.0
2020-04-10,Luxembourg,52,2,6,-0.67,27.0,-0.07
2020-04-10,"Macédoine",30,2,1,1.0,19.0,1.02
2020-04-10,Malaisie,67,3,2,0.5,24.0,0.15
2020-04-10,Mali,7,0,0,,12.0,-1.0
2020-04-10,Malte,2,0,1,-1.0,2.0,-0.5
2020-04-10,Maroc,97,10,4,1.5,31.0,0.4
2020-04-10,Martinique,6,0,0,,25.0,-1.0
2020-04-10,Maurice,7,2,0,,20.0,
2020-04-10,Mayotte,2,0,0,,10.0,-1.0
2020-04-10,Mexique,174,20,33,-0.39,22.0,0.24
2020-04-10,Moldavie,29,0,2,-1.0,23.0,-0.01
2020-04-10,Montenegro,2,0,0,,18.0,
2020-04-10,Niger,11,0,0,,16.0,-0.78
2020-04-10,"Nigéria",7,0,1,-1.0,18.0,-1.0
2020-04-10,"Norvège",108,5,7,-0.29,27.0,0.24
2020-04-10,Oman,3,0,1,-1.0,10.0,-1.0
2020-04-10,"Ouzbékistan",3,0,0,,14.0,-1.0
2020-04-10,Pakistan,65,1,4,-0.75,22.0,0.44
2020-04-10,Paraguay,5,1,0,,20.0,-1.0
2020-04-10,Pays-Bas,2403,117,148,-0.21,35.0,0.06
2020-04-10,Philippines,203,18,21,-0.14,68.0,0.33
2020-04-10,Pologne,174,7,15,-0.53,29.0,0.05
2020-04-10,Portugal,409,26,29,-0.1,24.0,0.06
2020-04-10,"Pérou",138,31,17,0.82,21.0,0.34
2020-04-10,Qatar,6,0,0,,13.0,-1.0
2020-04-10,Roumanie,248,22,28,-0.21,19.0,0.44
2020-04-10,Royaume-Uni,7993,981,882,0.11,36.0,0.09
2020-04-10,"Rép. Dém. du Congo",18,2,0,,20.0,-1.0
2020-04-10,"République Dominicaine",118,8,10,-0.2,24.0,-0.01
2020-04-10,"République Tchèque",112,7,13,-0.46,19.0,0.01
2020-04-10,"Saint Martin",2,0,0,,11.0,-1.0
2020-04-10,Saint-Marin,34,0,0,,38.0,-1.0
2020-04-10,Serbie,66,5,1,4.0,21.0,0.43
2020-04-10,Singapour,6,1,0,,20.0,-0.5
2020-04-10,Slovaquie,2,0,0,,9.0,-1.0
2020-04-10,"Slovénie",43,2,3,-0.33,27.0,0.3
2020-04-10,"Sri Lanka",7,0,0,,13.0,-0.67
2020-04-10,Suisse,948,54,53,0.02,36.0,0.03
2020-04-10,"Suède",793,77,106,-0.27,30.0,0.29
2020-04-10,Syrie,2,0,0,,12.0,
2020-04-10,"Sénégal",2,0,0,,9.0,-1.0
2020-04-10,"Taïwan",5,1,0,,54.0,
2020-04-10,"Thaïlande",32,1,2,-0.5,40.0,0.25
2020-04-10,Togo,3,0,0,,14.0,-1.0
2020-04-10,"Trinité-et-Tobago",8,0,0,,16.0,-0.67
2020-04-10,Tunisie,25,0,1,-1.0,22.0,-0.6
2020-04-10,Turquie,908,98,96,0.02,24.0,0.05
2020-04-10,Ukraine,57,12,5,1.4,28.0,0.9
2020-04-10,Uruguay,7,0,0,,12.0,-0.67
2020-04-10,Venezuela,9,0,0,,14.0,-1.0
2020-04-10,Zimbabwe,3,0,0,,18.0,-0.5
2020-04-10,"Égypte",118,17,15,0.13,33.0,0.16
2020-04-10,"Émirats Arabes Unis",14,2,2,0.0,21.0,-0.4
2020-04-10,"Équateur",272,25,30,-0.17,27.0,-0.3
2020-04-10,"États-Unis",16478,2108,1783,0.18,41.0,0.11
2020-04-10,"Éthiopie",2,1,0,,5.0,-1.0
